slug,name,editions_count,cycle_frequency,gsc_clicks,classification
ap-village-revenue-officer-2026,AP Village Revenue Officer (VRO),1,irregular,0,single
army-rally-bihar-2026,Indian Army Rally Bihar,1,biannual,0,recurring
army-rally-mp-2026,Indian Army Rally MP,1,biannual,0,recurring
army-rally-rajasthan-2026,Indian Army Rally Rajasthan,1,biannual,0,recurring
army-rally-up-2026,Indian Army Rally UP (Agnipath),1,biannual,0,recurring
assam-grade-iii-2026,Assam Direct Recruitment Grade III,1,irregular,0,single
assam-grade-iv-2026,Assam Direct Recruitment Grade IV,1,irregular,0,single
assam-tet-teacher-2026,Assam TET Teacher Recruitment,1,irregular,0,single
bihar-amin-2026,Bihar Amin (Revenue Staff),1,irregular,0,single
bihar-anganwadi-2026,Bihar Anganwadi Sevika/Sahayika Recruitment,1,irregular,0,single
bihar-anm-2026,Bihar SHSB ANM/Staff Nurse Recruitment,1,irregular,0,single
bihar-court-clerk-2026,Bihar District Court Clerk/Peon,1,irregular,0,single
bihar-home-guard-2026,Bihar Home Guard Recruitment,1,irregular,0,single
bihar-nagar-nigam-2026,Bihar Nagar Nigam Various Posts,1,irregular,0,single
bihar-panchayat-sachiv-2026,Bihar Panchayat Sachiv (Secretary),1,irregular,0,single
bihar-roadways-driver-2026,BSRTC Driver/Conductor,1,irregular,0,single
bihar-stet-teacher-2026,Bihar BPSC Teacher (TRE),1,irregular,0,single
cg-forest-guard-2026,CG Forest Guard (Van Pariveshak),1,irregular,0,single
cg-nhm-2026,Chhattisgarh NHM Health Worker,1,irregular,0,single
cg-patwari-2026,Chhattisgarh Patwari (Revenue Inspector),1,irregular,0,single
cg-police-constable-2026,Chhattisgarh Police Constable,1,irregular,0,single
cg-teacher-2026,CG Vyapam Shikshak (Teacher),1,irregular,0,single
ecce-educator-rampur,ECCE Educator-Rampur,1,irregular,0,single
gujarat-bin-sachivalay-2026,Gujarat Bin Sachivalay Clerk,1,irregular,0,single
gujarat-talati-2026,Gujarat Talati cum Mantri (Village Accountant),1,irregular,0,single
gujarat-tat-teacher-2026,Gujarat TAT Teacher Recruitment,1,irregular,0,single
haryana-clerk-2026,Haryana HSSC Clerk/DEO Recruitment,1,irregular,0,single
haryana-police-constable-2026,Haryana Police Constable,1,irregular,0,single
hp-tet-teacher-2026,HP TET Teacher Recruitment,1,irregular,0,single
india-post-gds-2026,India Post GDS (Gramin Dak Sevak),1,annual,0,recurring
india-post-mts-2026,India Post MTS (Multi-Tasking Staff),1,irregular,0,single
india-post-postman-2026,India Post Postman/Mail Guard,1,irregular,0,single
jharkhand-police-2026,Jharkhand Police Constable/SI,1,irregular,0,single
jharkhand-teacher-2026,Jharkhand JSSC Teacher,1,irregular,0,single
karnataka-fda-sda-2026,Karnataka FDA/SDA (First/Second Division Asst),1,annual,0,recurring
karnataka-pdo-2026,Karnataka PDO (Panchayat Development Officer),1,irregular,0,single
kerala-ldc-2026,Kerala PSC LDC (Lower Division Clerk),1,annual,0,recurring
maharashtra-arogya-sevak-2026,Maharashtra Arogya Sevak/Sevika,1,irregular,0,single
maharashtra-gram-sevak-2026,Maharashtra Gram Sevak (ZP),1,irregular,0,single
maharashtra-police-bharti-2026,Maharashtra Police Constable,1,irregular,0,single
maharashtra-talathi-2026,Maharashtra Talathi (Revenue Clerk),1,irregular,0,single
maharashtra-zp-health-2026,Maharashtra ZP Health Department (Various),1,irregular,0,single
mp-anganwadi-worker-2026,MP Anganwadi Supervisor/Worker Recruitment,1,irregular,0,single
mp-court-staff-2026,MP High Court Staff (Stenographer/DEO),1,irregular,0,single
mp-forest-guard-2026,MP Forest Guard (Van Rakshak),1,irregular,0,single
mp-group-5-sub-engineer-2026,MP Vyapam Group 5 Sub-Engineer,1,irregular,0,single
mp-home-guard-2026,MP Home Guard Recruitment,1,irregular,0,single
mp-mahila-supervisor-2026,MP Mahila Supervisor (WCD),1,irregular,0,single
mp-nhm-staff-2026,MP NHM Staff Nurse/ANM/Lab Tech,1,irregular,0,single
mp-panchayat-secretary-2026,MP Panchayat Secretary (Gram Panchayat Sachiv),1,irregular,0,single
mp-patwari-2026,MP Patwari Recruitment,1,irregular,0,single
mp-samvida-shala-varg-3,MP Samvida Shala Shikshak Varg 3,1,irregular,0,single
mpeb-lineman-2026,MPEB Line Attendant/Technician,1,irregular,0,single
odisha-asha-worker-2026,Odisha ASHA Worker/NHM Staff,1,irregular,0,single
odisha-police-constable-2026,Odisha Police Constable (Civil/Armed),1,irregular,0,single
odisha-teacher-2026,Odisha CT/BEd Teacher Recruitment,1,irregular,0,single
punjab-police-constable-2026,Punjab Police Constable,1,irregular,0,single
rajasthan-3rd-grade-teacher,Rajasthan 3rd Grade Teacher,1,irregular,0,single
rajasthan-anganwadi-2026,Rajasthan Anganwadi Worker Recruitment,1,irregular,0,single
rajasthan-computer-instructor-2026,Rajasthan Computer Instructor (RKCL),1,irregular,0,single
rajasthan-forest-guard-2026,Rajasthan Forest Guard/Forester,1,irregular,0,single
rajasthan-gram-sevak-2026,Rajasthan Gram Sevak Recruitment,1,irregular,0,single
rajasthan-home-guard-2026,Rajasthan Home Guard Recruitment,1,irregular,0,single
rajasthan-nagar-palika-2026,Rajasthan Nagar Palika Recruitment,1,irregular,0,single
rajasthan-nhm-cho-2026,Rajasthan NHM CHO/Staff Nurse,1,irregular,0,single
rajasthan-patwari-2026,Rajasthan Patwari Recruitment,1,irregular,0,single
rajasthan-rsmssb-lab-asst-2026,RSMSSB Lab Assistant,1,irregular,0,single
rajasthan-vidyut-helper-2026,Rajasthan Vidyut Vibhag Helper/Technician,1,irregular,0,single
telangana-constable-2026,Telangana Police Constable (TSLPRB),1,irregular,0,single
tn-mrb-nurse-2026,Tamil Nadu MRB Staff Nurse/Health Inspector,1,irregular,0,single
tn-police-constable-2026,Tamil Nadu Police Constable,1,irregular,0,single
tn-si-2026,Tamil Nadu Police SI (TNUSRB),1,irregular,0,single
uk-forest-guard-2026,Uttarakhand Forest Guard (Van Daroga),1,irregular,0,single
uk-police-constable-2026,Uttarakhand Police Constable,1,irregular,0,single
uksssc-group-c-scaler,UKSSSC Group C Scaler Recruitment,1,annual,0,recurring
up-anganwadi-worker-2026,UP Anganwadi Worker/Helper Recruitment,1,irregular,0,single
up-assistant-accountant-2026,UP Sahayak Lekhakar (Assistant Accountant),1,irregular,0,single
up-bal-vikas-seva-2026,UP Bal Vikas Seva Pushtahar Vibhag,1,irregular,0,single
up-cooperative-bank-2026,UP District Cooperative Bank Clerk,1,irregular,0,single
up-court-peon-2026,UP District Court Peon/Process Server,1,irregular,0,single
up-fireman-2026,UP Fire Service (Daman Karmchari),1,irregular,0,single
up-forest-guard-2026,UP Forest Guard/Wildlife Guard,1,irregular,0,single
up-gram-vikas-adhikari-2026,UP Gram Vikas Adhikari (VDO),1,irregular,0,single
up-home-guard-2026,UP Home Guard Recruitment,1,irregular,0,single
up-iti-instructor-2026,UP ITI Instructor/Workshop Attendant,1,irregular,0,single
up-jail-warder-2026,UP Jail Warder/Fireman Recruitment,1,irregular,0,single
up-junior-assistant-2026,UP Junior Assistant/Stenographer,1,irregular,0,single
up-krishi-sevak-2026,UP Krishi Technical Sahayak,1,irregular,0,single
up-lekhpal-bharti-2026,UP Revenue Lekhpal Bharti,1,irregular,0,single
up-nhn-cho-2026,UP NHM Community Health Officer,1,irregular,0,single
up-roadways-conductor-2026,UPSRTC Conductor/Driver Recruitment,1,irregular,0,single
up-safai-karmi-2026,UP Safai Karmi Recruitment,1,irregular,0,single
up-shikshamitra-2026,UP Sahayak Adhyapak (Assistant Teacher),1,irregular,0,single
up-special-police-2026,UP Special Police Officer (SPO),1,irregular,0,single
up-swasthya-vibhag-2026,UP Swasthya Vibhag (Health Dept) Recruitment,1,irregular,1,single
uppcl-technician-2026,UPPCL Technician (Electrical),1,irregular,0,single
wb-anganwadi-2026,West Bengal Anganwadi Worker/Helper,1,irregular,0,single
wb-group-d-2026,WB Group D (WBSSC),1,irregular,0,single
wb-primary-teacher-2026,WB Primary Teacher (TET),1,irregular,0,single
wb-swasthya-karmi-2026,WB State Health Recruitment (WBHRB),1,irregular,0,single
