url,first_status,first_location,hops,final_url,final_status,meta_refresh,canonical_on_final_page
https://www.indianexaminfo.com/sarkari-naukri/up-swasthya-vibhag-ambulance-driver-2026,200,,0,https://www.indianexaminfo.com/sarkari-naukri/up-swasthya-vibhag-ambulance-driver-2026,200,n,https://www.indianexaminfo.com/sarkari-naukri/up-swasthya-vibhag-ambulance-driver-2026
https://www.indianexaminfo.com/sarkari-naukri/bihar-mgnrega-rozgar-sewak-2026,200,,0,https://www.indianexaminfo.com/sarkari-naukri/bihar-mgnrega-rozgar-sewak-2026,200,n,https://www.indianexaminfo.com/sarkari-naukri/bihar-mgnrega-rozgar-sewak-2026
https://www.indianexaminfo.com/sarkari-naukri/rajasthan-health-dept-radiographer-2026,200,,0,https://www.indianexaminfo.com/sarkari-naukri/rajasthan-health-dept-radiographer-2026,200,n,https://www.indianexaminfo.com/sarkari-naukri/rajasthan-health-dept-radiographer-2026
https://www.indianexaminfo.com/sarkari-naukri/west-bengal-gram-panchayat-sahayak-2026,200,,0,https://www.indianexaminfo.com/sarkari-naukri/west-bengal-gram-panchayat-sahayak-2026,200,n,https://www.indianexaminfo.com/sarkari-naukri/west-bengal-gram-panchayat-sahayak-2026
https://www.indianexaminfo.com/sarkari-naukri/gujarat-anganwadi-worker-helper-bharti-2026-ahmedabad,200,,0,https://www.indianexaminfo.com/sarkari-naukri/gujarat-anganwadi-worker-helper-bharti-2026-ahmedabad,200,n,https://www.indianexaminfo.com/sarkari-naukri/gujarat-anganwadi-worker-helper-bharti-2026-ahmedabad
https://indianexaminfo.com/sarkari-naukri/up-nagar-nigam-safai-karmi-2026-kanpur,200,,0,https://indianexaminfo.com/sarkari-naukri/up-nagar-nigam-safai-karmi-2026-kanpur,200,n,https://www.indianexaminfo.com/sarkari-naukri/up-nagar-nigam-safai-karmi-2026-kanpur
https://www.indianexaminfo.com/sarkari-naukri/up-nagar-nigam-safai-karmi-2026-lucknow,200,,0,https://www.indianexaminfo.com/sarkari-naukri/up-nagar-nigam-safai-karmi-2026-lucknow,200,n,https://www.indianexaminfo.com/sarkari-naukri/up-nagar-nigam-safai-karmi-2026-lucknow
https://www.indianexaminfo.com/sarkari-naukri/uttarakhand-anganwadi-bharti-2026-haridwar,200,,0,https://www.indianexaminfo.com/sarkari-naukri/uttarakhand-anganwadi-bharti-2026-haridwar,200,n,https://www.indianexaminfo.com/sarkari-naukri/uttarakhand-anganwadi-bharti-2026-haridwar
https://www.indianexaminfo.com/sarkari-naukri/jharkhand-forest-guard-2026,200,,0,https://www.indianexaminfo.com/sarkari-naukri/jharkhand-forest-guard-2026,200,n,https://www.indianexaminfo.com/sarkari-naukri/jharkhand-forest-guard-2026
https://www.indianexaminfo.com/sarkari-naukri/chhattisgarh-mitanin-asha-bharti-2026-raipur,200,,0,https://www.indianexaminfo.com/sarkari-naukri/chhattisgarh-mitanin-asha-bharti-2026-raipur,200,n,https://www.indianexaminfo.com/sarkari-naukri/chhattisgarh-mitanin-asha-bharti-2026-raipur
https://www.indianexaminfo.com/sarkari-naukri/up-asha-bharti-2026-gorakhpur-division,200,,0,https://www.indianexaminfo.com/sarkari-naukri/up-asha-bharti-2026-gorakhpur-division,200,n,https://www.indianexaminfo.com/sarkari-naukri/up-asha-bharti-2026-gorakhpur-division
https://www.indianexaminfo.com/sarkari-naukri/up-district-hospital-ward-boy-2026-gorakhpur,200,,0,https://www.indianexaminfo.com/sarkari-naukri/up-district-hospital-ward-boy-2026-gorakhpur,200,n,https://www.indianexaminfo.com/sarkari-naukri/up-district-hospital-ward-boy-2026-gorakhpur
https://www.indianexaminfo.com/sarkari-naukri/tamil-nadu-anganwadi-worker-2026-chennai,200,,0,https://www.indianexaminfo.com/sarkari-naukri/tamil-nadu-anganwadi-worker-2026-chennai,200,n,https://www.indianexaminfo.com/sarkari-naukri/tamil-nadu-anganwadi-worker-2026-chennai
https://www.indianexaminfo.com/sarkari-naukri/up-swasthya-vibhag-pharmacist-2026,200,,0,https://www.indianexaminfo.com/sarkari-naukri/up-swasthya-vibhag-pharmacist-2026,200,n,https://www.indianexaminfo.com/sarkari-naukri/up-swasthya-vibhag-pharmacist-2026
https://www.indianexaminfo.com/,200,,0,https://www.indianexaminfo.com/,200,n,https://www.indianexaminfo.com
https://www.indianexaminfo.com/sarkari-naukri/mp-gds-bharti-2026-jabalpur-division,200,,0,https://www.indianexaminfo.com/sarkari-naukri/mp-gds-bharti-2026-jabalpur-division,200,n,https://www.indianexaminfo.com/sarkari-naukri/mp-gds-bharti-2026-jabalpur-division
https://www.indianexaminfo.com/sarkari-naukri/mp-mahila-supervisor-icds-2026,200,,0,https://www.indianexaminfo.com/sarkari-naukri/mp-mahila-supervisor-icds-2026,200,n,https://www.indianexaminfo.com/sarkari-naukri/mp-mahila-supervisor-icds-2026
https://www.indianexaminfo.com/sarkari-naukri/up-nagar-palika-parishad-clerk-2026,200,,0,https://www.indianexaminfo.com/sarkari-naukri/up-nagar-palika-parishad-clerk-2026,200,n,https://www.indianexaminfo.com/sarkari-naukri/up-nagar-palika-parishad-clerk-2026
https://www.indianexaminfo.com/sarkari-naukri/up-district-court-peon-2026-kanpur,200,,0,https://www.indianexaminfo.com/sarkari-naukri/up-district-court-peon-2026-kanpur,200,n,https://www.indianexaminfo.com/sarkari-naukri/up-district-court-peon-2026-kanpur
https://www.indianexaminfo.com/sarkari-naukri/rajasthan-pwd-work-charged-2026,200,,0,https://www.indianexaminfo.com/sarkari-naukri/rajasthan-pwd-work-charged-2026,200,n,https://www.indianexaminfo.com/sarkari-naukri/rajasthan-pwd-work-charged-2026
https://www.indianexaminfo.com/sarkari-naukri/up-gramin-dak-sevak-2026-kanpur-division,200,,0,https://www.indianexaminfo.com/sarkari-naukri/up-gramin-dak-sevak-2026-kanpur-division,200,n,https://www.indianexaminfo.com/sarkari-naukri/up-gramin-dak-sevak-2026-kanpur-division
https://indianexaminfo.com/sarkari-naukri/defence/indian-army-agniveer,200,,0,https://indianexaminfo.com/sarkari-naukri/defence/indian-army-agniveer,200,n,https://www.indianexaminfo.com/sarkari-naukri/defence/indian-army-agniveer
https://www.indianexaminfo.com/entrance-exam/law/mh-cet-law/previous-papers,308,/admission/law/mh-cet-law/previous-papers,1,https://www.indianexaminfo.com/admission/law/mh-cet-law/previous-papers,200,n,https://www.indianexaminfo.com/admission/law/mh-cet-law/previous-papers
https://www.indianexaminfo.com/sarkari-naukri/up-bal-vikas-supervisor-2026,200,,0,https://www.indianexaminfo.com/sarkari-naukri/up-bal-vikas-supervisor-2026,200,n,https://www.indianexaminfo.com/sarkari-naukri/up-bal-vikas-supervisor-2026
https://www.indianexaminfo.com/sarkari-naukri/up-mgnrega-rozgar-sevak-2026,200,,0,https://www.indianexaminfo.com/sarkari-naukri/up-mgnrega-rozgar-sevak-2026,200,n,https://www.indianexaminfo.com/sarkari-naukri/up-mgnrega-rozgar-sevak-2026
https://www.indianexaminfo.com/sarkari-naukri/up-asha-worker-bharti-2026-varanasi,200,,0,https://www.indianexaminfo.com/sarkari-naukri/up-asha-worker-bharti-2026-varanasi,200,n,https://www.indianexaminfo.com/sarkari-naukri/up-asha-worker-bharti-2026-varanasi
https://www.indianexaminfo.com/sarkari-naukri/rajasthan-rajiv-gandhi-seva-kendra-operator-2026,200,,0,https://www.indianexaminfo.com/sarkari-naukri/rajasthan-rajiv-gandhi-seva-kendra-operator-2026,200,n,https://www.indianexaminfo.com/sarkari-naukri/rajasthan-rajiv-gandhi-seva-kendra-operator-2026
https://www.indianexaminfo.com/sarkari-naukri/rajasthan-police-constable-driver-2026,200,,0,https://www.indianexaminfo.com/sarkari-naukri/rajasthan-police-constable-driver-2026,200,n,https://www.indianexaminfo.com/sarkari-naukri/rajasthan-police-constable-driver-2026
https://www.indianexaminfo.com/sarkari-naukri/haryana-gram-sachiv-bharti-2026,200,,0,https://www.indianexaminfo.com/sarkari-naukri/haryana-gram-sachiv-bharti-2026,200,n,https://www.indianexaminfo.com/sarkari-naukri/haryana-gram-sachiv-bharti-2026
https://www.indianexaminfo.com/sarkari-naukri/up-nagar-nigam-jal-kal-pump-operator-2026,200,,0,https://www.indianexaminfo.com/sarkari-naukri/up-nagar-nigam-jal-kal-pump-operator-2026,200,n,https://www.indianexaminfo.com/sarkari-naukri/up-nagar-nigam-jal-kal-pump-operator-2026
https://www.indianexaminfo.com/sarkari-naukri/up-block-development-office-clerk-2026,200,,0,https://www.indianexaminfo.com/sarkari-naukri/up-block-development-office-clerk-2026,200,n,https://www.indianexaminfo.com/sarkari-naukri/up-block-development-office-clerk-2026
https://www.indianexaminfo.com/sarkari-naukri/chhattisgarh-zila-panchayat-deo-2026,200,,0,https://www.indianexaminfo.com/sarkari-naukri/chhattisgarh-zila-panchayat-deo-2026,200,n,https://www.indianexaminfo.com/sarkari-naukri/chhattisgarh-zila-panchayat-deo-2026
https://indianexaminfo.com/sarkari-naukri/teaching/ctet,200,,0,https://indianexaminfo.com/sarkari-naukri/teaching/ctet,200,n,https://www.indianexaminfo.com/sarkari-naukri/teaching/ctet
https://www.indianexaminfo.com/sarkari-naukri/up-tehsil-office-peon-clerk-2026,200,,0,https://www.indianexaminfo.com/sarkari-naukri/up-tehsil-office-peon-clerk-2026,200,n,https://www.indianexaminfo.com/sarkari-naukri/up-tehsil-office-peon-clerk-2026
https://www.indianexaminfo.com/sarkari-naukri/up-gram-panchayat-sahayak-bharti-2026,200,,0,https://www.indianexaminfo.com/sarkari-naukri/up-gram-panchayat-sahayak-bharti-2026,200,n,https://www.indianexaminfo.com/sarkari-naukri/up-gram-panchayat-sahayak-bharti-2026
https://www.indianexaminfo.com/sarkari-naukri/rajasthan-forest-guard-vanrakshak-2026,200,,0,https://www.indianexaminfo.com/sarkari-naukri/rajasthan-forest-guard-vanrakshak-2026,200,n,https://www.indianexaminfo.com/sarkari-naukri/rajasthan-forest-guard-vanrakshak-2026
https://www.indianexaminfo.com/sarkari-naukri/bihar-anganwadi-bharti-2026-east-champaran,200,,0,https://www.indianexaminfo.com/sarkari-naukri/bihar-anganwadi-bharti-2026-east-champaran,200,n,https://www.indianexaminfo.com/sarkari-naukri/bihar-anganwadi-bharti-2026-east-champaran
https://www.indianexaminfo.com/board-exam/state/up-board/up-board-class-12/syllabus,200,,0,https://www.indianexaminfo.com/board-exam/state/up-board/up-board-class-12/syllabus,200,n,https://www.indianexaminfo.com/board-exam/state/up-board/up-board-class-12/syllabus
https://www.indianexaminfo.com/entrance-exam/law/jmi-law,308,/admission/law/jmi-law,1,https://www.indianexaminfo.com/admission/law/jmi-law,200,n,https://www.indianexaminfo.com/admission/law/jmi-law
https://indianexaminfo.com/sarkari-naukri/delhi-police-constable-2026-result,200,,0,https://indianexaminfo.com/sarkari-naukri/delhi-police-constable-2026-result,200,n,https://www.indianexaminfo.com/sarkari-naukri/delhi-police-constable-2026-result
https://indianexaminfo.com/entrance-exam/research-fellowships/tifr-gs/admit-card,308,/admission/research-fellowships/tifr-gs/admit-card,1,https://indianexaminfo.com/admission/research-fellowships/tifr-gs/admit-card,200,n,https://www.indianexaminfo.com/admission/research-fellowships/tifr-gs/admit-card
https://indianexaminfo.com/sarkari-naukri/bharti?qualification=iti,200,,0,https://indianexaminfo.com/sarkari-naukri/bharti?qualification=iti,200,n,https://www.indianexaminfo.com/sarkari-naukri/bharti
https://www.indianexaminfo.com/sarkari-naukri/bihar-district-court-peon-2026-all-districts,200,,0,https://www.indianexaminfo.com/sarkari-naukri/bihar-district-court-peon-2026-all-districts,200,n,https://www.indianexaminfo.com/sarkari-naukri/bihar-district-court-peon-2026-all-districts
https://www.indianexaminfo.com/sarkari-naukri/rajasthan-jal-sansthan-pump-operator-2026,200,,0,https://www.indianexaminfo.com/sarkari-naukri/rajasthan-jal-sansthan-pump-operator-2026,200,n,https://www.indianexaminfo.com/sarkari-naukri/rajasthan-jal-sansthan-pump-operator-2026
https://www.indianexaminfo.com/entrance-exam/law/jmi-law/syllabus,308,/admission/law/jmi-law/syllabus,1,https://www.indianexaminfo.com/admission/law/jmi-law/syllabus,200,n,https://www.indianexaminfo.com/admission/law/jmi-law/syllabus
https://www.indianexaminfo.com/entrance-exam/medical/neet-pg/cutoff,308,/admission/medical/neet-pg/cutoff,1,https://www.indianexaminfo.com/admission/medical/neet-pg/cutoff,200,n,https://www.indianexaminfo.com/admission/medical/neet-pg/cutoff
https://www.indianexaminfo.com/entrance-exam/agriculture/hau-entrance/previous-papers,308,/admission/agriculture/hau-entrance/previous-papers,1,https://www.indianexaminfo.com/admission/agriculture/hau-entrance/previous-papers,200,n,https://www.indianexaminfo.com/admission/agriculture/hau-entrance/previous-papers
https://www.indianexaminfo.com/sarkari-naukri/up-swasthya-vibhag-2026,200,,0,https://www.indianexaminfo.com/sarkari-naukri/up-swasthya-vibhag-2026,200,y,https://www.indianexaminfo.com/sarkari-naukri/health-recruitment/up-swasthya-vibhag-2026
https://www.indianexaminfo.com/entrance-exam/law/mh-cet-law,308,/admission/law/mh-cet-law,1,https://www.indianexaminfo.com/admission/law/mh-cet-law,200,n,https://www.indianexaminfo.com/admission/law/mh-cet-law
https://www.indianexaminfo.com/board-exam/state/cbse/cbse-class-12,200,,0,https://www.indianexaminfo.com/board-exam/state/cbse/cbse-class-12,200,n,https://www.indianexaminfo.com/board-exam/state/cbse/cbse-class-12
https://www.indianexaminfo.com/entrance-exam/law/mh-cet-law/answer-key,308,/admission/law/mh-cet-law/answer-key,1,https://www.indianexaminfo.com/admission/law/mh-cet-law/answer-key,200,n,https://www.indianexaminfo.com/admission/law/mh-cet-law/answer-key
https://www.indianexaminfo.com/entrance-exam/law/mh-cet-law/admit-card,308,/admission/law/mh-cet-law/admit-card,1,https://www.indianexaminfo.com/admission/law/mh-cet-law/admit-card,200,n,https://www.indianexaminfo.com/admission/law/mh-cet-law/admit-card
https://indianexaminfo.com/government-exam/teaching/ctet,307,/sarkari-naukri/teaching/ctet,1,https://indianexaminfo.com/sarkari-naukri/teaching/ctet,200,n,https://www.indianexaminfo.com/sarkari-naukri/teaching/ctet
https://www.indianexaminfo.com/entrance-exam/research-fellowships/iiser-iat,308,/admission/research-fellowships/iiser-iat,1,https://www.indianexaminfo.com/admission/research-fellowships/iiser-iat,200,n,https://www.indianexaminfo.com/admission/research-fellowships/iiser-iat
https://www.indianexaminfo.com/entrance-exam/engineering/gate/syllabus,308,/admission/engineering/gate/syllabus,1,https://www.indianexaminfo.com/admission/engineering/gate/syllabus,200,n,https://www.indianexaminfo.com/admission/engineering/gate/syllabus
https://www.indianexaminfo.com/entrance-exam/engineering/mht-cet,308,/admission/engineering/mht-cet,1,https://www.indianexaminfo.com/admission/engineering/mht-cet,200,n,https://www.indianexaminfo.com/admission/engineering/mht-cet
https://www.indianexaminfo.com/sarkari-naukri/ssc/ssc-cgl,200,,0,https://www.indianexaminfo.com/sarkari-naukri/ssc/ssc-cgl,200,n,https://www.indianexaminfo.com/sarkari-naukri/ssc/ssc-cgl
https://indianexaminfo.com/sarkari-naukri/railways/rrb-ntpc,200,,0,https://indianexaminfo.com/sarkari-naukri/railways/rrb-ntpc,200,n,https://www.indianexaminfo.com/sarkari-naukri/railways/rrb-ntpc
https://www.indianexaminfo.com/sarkari-naukri,200,,0,https://www.indianexaminfo.com/sarkari-naukri,200,n,https://www.indianexaminfo.com/sarkari-naukri
https://www.indianexaminfo.com/entrance-exam/university-entrance/up-bed-jee/application,308,/admission/university-entrance/up-bed-jee/application,1,https://www.indianexaminfo.com/admission/university-entrance/up-bed-jee/application,200,n,https://www.indianexaminfo.com/admission/university-entrance/up-bed-jee/application
https://www.indianexaminfo.com/sarkari-naukri/up-gramin-dak-sevak-2026-lucknow-division,200,,0,https://www.indianexaminfo.com/sarkari-naukri/up-gramin-dak-sevak-2026-lucknow-division,200,n,https://www.indianexaminfo.com/sarkari-naukri/up-gramin-dak-sevak-2026-lucknow-division
https://www.indianexaminfo.com/entrance-exam/law/clat,308,/admission/law/clat,1,https://www.indianexaminfo.com/admission/law/clat,200,n,https://www.indianexaminfo.com/admission/law/clat
https://indianexaminfo.com/sarkari-naukri/karnataka-anganwadi-2026-belgaum,200,,0,https://indianexaminfo.com/sarkari-naukri/karnataka-anganwadi-2026-belgaum,200,n,https://www.indianexaminfo.com/sarkari-naukri/karnataka-anganwadi-2026-belgaum
https://www.indianexaminfo.com/entrance-exam/law/ts-lawcet/admit-card,308,/admission/law/ts-lawcet/admit-card,1,https://www.indianexaminfo.com/admission/law/ts-lawcet/admit-card,200,n,https://www.indianexaminfo.com/admission/law/ts-lawcet/admit-card
https://www.indianexaminfo.com/sarkari-naukri/banking/ibps-clerk/application,200,,0,https://www.indianexaminfo.com/sarkari-naukri/banking/ibps-clerk/application,200,n,https://www.indianexaminfo.com/sarkari-naukri/banking/ibps-clerk/application
https://www.indianexaminfo.com/sarkari-naukri/bihar-gds-bharti-2026,200,,0,https://www.indianexaminfo.com/sarkari-naukri/bihar-gds-bharti-2026,200,n,https://www.indianexaminfo.com/sarkari-naukri/bihar-gds-bharti-2026
https://www.indianexaminfo.com/sarkari-naukri/upsc/upsc-cds,200,,0,https://www.indianexaminfo.com/sarkari-naukri/upsc/upsc-cds,200,n,https://www.indianexaminfo.com
https://indianexaminfo.com/government-exam/railways/rrb-ntpc,307,/sarkari-naukri/railways/rrb-ntpc,1,https://indianexaminfo.com/sarkari-naukri/railways/rrb-ntpc,200,n,https://www.indianexaminfo.com/sarkari-naukri/railways/rrb-ntpc
https://www.indianexaminfo.com/sarkari-naukri/up-jila-panchayat-lekhpal-2026,200,,0,https://www.indianexaminfo.com/sarkari-naukri/up-jila-panchayat-lekhpal-2026,200,n,https://www.indianexaminfo.com/sarkari-naukri/up-jila-panchayat-lekhpal-2026
https://www.indianexaminfo.com/entrance-exam,308,/admission,1,https://www.indianexaminfo.com/admission,200,n,https://www.indianexaminfo.com/admission
https://indianexaminfo.com/government-exam/railways/rrb-je,307,/sarkari-naukri/railways/rrb-je,1,https://indianexaminfo.com/sarkari-naukri/railways/rrb-je,200,n,https://www.indianexaminfo.com/sarkari-naukri/railways/rrb-je
https://indianexaminfo.com/university-exam/deemed-university/srm-entrance/about,200,,0,https://indianexaminfo.com/university-exam/deemed-university/srm-entrance/about,200,n,https://www.indianexaminfo.com
https://www.indianexaminfo.com/entrance-exam/defence-entrance/nda/application,308,/admission/defence-entrance/nda/application,1,https://www.indianexaminfo.com/admission/defence-entrance/nda/application,200,n,https://www.indianexaminfo.com/admission/defence-entrance/nda/application
https://indianexaminfo.com/entrance-exam/management/cat,308,/admission/management/cat,1,https://indianexaminfo.com/admission/management/cat,200,n,https://www.indianexaminfo.com/admission/management/cat
https://www.indianexaminfo.com/board-exam/state/up-board/up-board-class-12,200,,0,https://www.indianexaminfo.com/board-exam/state/up-board/up-board-class-12,200,n,https://www.indianexaminfo.com/board-exam/state/up-board/up-board-class-12
https://www.indianexaminfo.com/entrance-exam/university-entrance/met-manipal/cutoff,308,/admission/university-entrance/met-manipal/cutoff,1,https://www.indianexaminfo.com/admission/university-entrance/met-manipal/cutoff,200,n,https://www.indianexaminfo.com/admission/university-entrance/met-manipal/cutoff
https://www.indianexaminfo.com/entrance-exam/law/mh-cet-law/syllabus,308,/admission/law/mh-cet-law/syllabus,1,https://www.indianexaminfo.com/admission/law/mh-cet-law/syllabus,200,n,https://www.indianexaminfo.com/admission/law/mh-cet-law/syllabus
https://www.indianexaminfo.com/board-exam/state/cbse/cbse-class-10/answer-key,200,,0,https://www.indianexaminfo.com/board-exam/state/cbse/cbse-class-10/answer-key,200,n,https://www.indianexaminfo.com/board-exam/state/cbse/cbse-class-10/answer-key
https://www.indianexaminfo.com/sarkari-naukri/up-gramin-dak-sevak-2026-agra-division,200,,0,https://www.indianexaminfo.com/sarkari-naukri/up-gramin-dak-sevak-2026-agra-division,200,n,https://www.indianexaminfo.com/sarkari-naukri/up-gramin-dak-sevak-2026-agra-division
https://indianexaminfo.com/entrance-exam/defence-entrance/afcat/previous-papers,308,/admission/defence-entrance/afcat/previous-papers,1,https://indianexaminfo.com/admission/defence-entrance/afcat/previous-papers,200,n,https://www.indianexaminfo.com/admission/defence-entrance/afcat/previous-papers
https://www.indianexaminfo.com/board-exam/state/cbse/cbse-class-12/syllabus,200,,0,https://www.indianexaminfo.com/board-exam/state/cbse/cbse-class-12/syllabus,200,n,https://www.indianexaminfo.com/board-exam/state/cbse/cbse-class-12/syllabus
https://www.indianexaminfo.com/government-exam/banking/ibps-clerk/application,307,/sarkari-naukri/banking/ibps-clerk/application,1,https://www.indianexaminfo.com/sarkari-naukri/banking/ibps-clerk/application,200,n,https://www.indianexaminfo.com/sarkari-naukri/banking/ibps-clerk/application
https://www.indianexaminfo.com/sarkari-naukri/andhra-pradesh-anganwadi-2026-visakhapatnam,200,,0,https://www.indianexaminfo.com/sarkari-naukri/andhra-pradesh-anganwadi-2026-visakhapatnam,200,n,https://www.indianexaminfo.com/sarkari-naukri/andhra-pradesh-anganwadi-2026-visakhapatnam
https://www.indianexaminfo.com/board-exam/state/cbse/cbse-class-12/answer-key,200,,0,https://www.indianexaminfo.com/board-exam/state/cbse/cbse-class-12/answer-key,200,n,https://www.indianexaminfo.com/board-exam/state/cbse/cbse-class-12/answer-key
https://indianexaminfo.com/entrance-exam/research-fellowships/tifr-gs,308,/admission/research-fellowships/tifr-gs,1,https://indianexaminfo.com/admission/research-fellowships/tifr-gs,200,n,https://www.indianexaminfo.com/admission/research-fellowships/tifr-gs
https://indianexaminfo.com/university-exam/deemed-university/manipal-entrance/notification,200,,0,https://indianexaminfo.com/university-exam/deemed-university/manipal-entrance/notification,200,n,https://www.indianexaminfo.com
https://www.indianexaminfo.com/entrance-exam/law/slat,308,/admission/law/slat,1,https://www.indianexaminfo.com/admission/law/slat,200,n,https://www.indianexaminfo.com/admission/law/slat
https://indianexaminfo.com/sarkari-naukri/railways/rrb-alp,200,,0,https://indianexaminfo.com/sarkari-naukri/railways/rrb-alp,200,n,https://www.indianexaminfo.com/sarkari-naukri/railways/rrb-alp
https://indianexaminfo.com/sarkari-naukri,200,,0,https://indianexaminfo.com/sarkari-naukri,200,n,https://www.indianexaminfo.com/sarkari-naukri
https://www.indianexaminfo.com/sarkari-naukri/state/west-bengal,200,,0,https://www.indianexaminfo.com/sarkari-naukri/state/west-bengal,200,n,https://www.indianexaminfo.com/sarkari-naukri/state/west-bengal
https://indianexaminfo.com/sarkari-naukri/defence/cds-exam/notification,200,,0,https://indianexaminfo.com/sarkari-naukri/defence/cds-exam/notification,200,n,https://www.indianexaminfo.com/sarkari-naukri/defence/cds-exam/notification
https://indianexaminfo.com/entrance-exam/law/clat-2026,307,/admission/law/clat,1,https://indianexaminfo.com/admission/law/clat,200,n,https://www.indianexaminfo.com/admission/law/clat
https://www.indianexaminfo.com/sarkari-naukri/up-aanganwadi-mini-centre-sahayika-2026-bareilly,200,,0,https://www.indianexaminfo.com/sarkari-naukri/up-aanganwadi-mini-centre-sahayika-2026-bareilly,200,n,https://www.indianexaminfo.com/sarkari-naukri/up-aanganwadi-mini-centre-sahayika-2026-bareilly
https://indianexaminfo.com/sarkari-naukri/ibps-clerk-2026-prelims-result,200,,0,https://indianexaminfo.com/sarkari-naukri/ibps-clerk-2026-prelims-result,200,n,https://www.indianexaminfo.com/sarkari-naukri/ibps-clerk-2026-prelims-result
https://www.indianexaminfo.com/admit-card,200,,0,https://www.indianexaminfo.com/admit-card,200,n,https://www.indianexaminfo.com/admit-card
https://indianexaminfo.com/entrance-exam/agriculture/upcatet,308,/admission/agriculture/upcatet,1,https://indianexaminfo.com/admission/agriculture/upcatet,200,n,https://www.indianexaminfo.com/admission/agriculture/upcatet
https://www.indianexaminfo.com/sarkari-naukri/up-district-court-peon-2026-varanasi,200,,0,https://www.indianexaminfo.com/sarkari-naukri/up-district-court-peon-2026-varanasi,200,n,https://www.indianexaminfo.com/sarkari-naukri/up-district-court-peon-2026-varanasi
https://www.indianexaminfo.com/entrance-exam/engineering/gate-2026,307,/admission/engineering/gate,1,https://www.indianexaminfo.com/admission/engineering/gate,200,n,https://www.indianexaminfo.com/admission/engineering/gate
https://www.indianexaminfo.com/board-exam/state/cbse/cbse-class-10/syllabus,200,,0,https://www.indianexaminfo.com/board-exam/state/cbse/cbse-class-10/syllabus,200,n,https://www.indianexaminfo.com/board-exam/state/cbse/cbse-class-10/syllabus
https://www.indianexaminfo.com/entrance-exam/university-entrance/cuet-ug/cutoff,308,/admission/university-entrance/cuet-ug/cutoff,1,https://www.indianexaminfo.com/admission/university-entrance/cuet-ug/cutoff,200,n,https://www.indianexaminfo.com/admission/university-entrance/cuet-ug/cutoff
https://indianexaminfo.com/,200,,0,https://indianexaminfo.com/,200,n,https://www.indianexaminfo.com
https://www.indianexaminfo.com/entrance-exam/university-entrance/wbjee-jeca/application,308,/admission/university-entrance/wbjee-jeca/application,1,https://www.indianexaminfo.com/admission/university-entrance/wbjee-jeca/application,200,n,https://www.indianexaminfo.com/admission/university-entrance/wbjee-jeca/application
https://www.indianexaminfo.com/government-exam/upsc/upsc-cds,307,/sarkari-naukri/upsc/upsc-cds,1,https://www.indianexaminfo.com/sarkari-naukri/upsc/upsc-cds,200,n,https://www.indianexaminfo.com/sarkari-naukri/upsc/upsc-cds
https://www.indianexaminfo.com/entrance-exam/law/ts-lawcet,308,/admission/law/ts-lawcet,1,https://www.indianexaminfo.com/admission/law/ts-lawcet,200,n,https://www.indianexaminfo.com/admission/law/ts-lawcet
https://www.indianexaminfo.com/entrance-exam/research-fellowships/iit-jam/cutoff,308,/admission/research-fellowships/iit-jam/cutoff,1,https://www.indianexaminfo.com/admission/research-fellowships/iit-jam/cutoff,200,n,https://www.indianexaminfo.com/admission/research-fellowships/iit-jam/cutoff
https://www.indianexaminfo.com/sarkari-naukri/banking/sebi-grade-a/syllabus,200,,0,https://www.indianexaminfo.com/sarkari-naukri/banking/sebi-grade-a/syllabus,200,n,https://www.indianexaminfo.com/sarkari-naukri/banking/sebi-grade-a/syllabus
https://www.indianexaminfo.com/entrance-exam/engineering/assam-cee/application,308,/admission/engineering/assam-cee/application,1,https://www.indianexaminfo.com/admission/engineering/assam-cee/application,200,n,https://www.indianexaminfo.com/admission/engineering/assam-cee/application
https://www.indianexaminfo.com/sarkari-naukri/up-fisheries-dept-matsya-mitra-2026,200,,0,https://www.indianexaminfo.com/sarkari-naukri/up-fisheries-dept-matsya-mitra-2026,200,n,https://www.indianexaminfo.com/sarkari-naukri/up-fisheries-dept-matsya-mitra-2026
https://www.indianexaminfo.com/board-exam/state/bihar-board/bihar-board-inter,200,,0,https://www.indianexaminfo.com/board-exam/state/bihar-board/bihar-board-inter,200,n,https://www.indianexaminfo.com/board-exam/state/bihar-board/bihar-board-inter
https://indianexaminfo.com/entrance-exam/research-fellowships/jest/notification,308,/admission/research-fellowships/jest/notification,1,https://indianexaminfo.com/admission/research-fellowships/jest/notification,200,n,https://www.indianexaminfo.com/admission/research-fellowships/jest/notification
https://www.indianexaminfo.com/entrance-exam/university-entrance/up-bed-jee,308,/admission/university-entrance/up-bed-jee,1,https://www.indianexaminfo.com/admission/university-entrance/up-bed-jee,200,n,https://www.indianexaminfo.com/admission/university-entrance/up-bed-jee
https://indianexaminfo.com/entrance-exam/agriculture/mp-pat,308,/admission/agriculture/mp-pat,1,https://indianexaminfo.com/admission/agriculture/mp-pat,200,n,https://www.indianexaminfo.com/admission/agriculture/mp-pat
https://www.indianexaminfo.com/entrance-exam/management/tancet/admit-card,308,/admission/management/tancet/admit-card,1,https://www.indianexaminfo.com/admission/management/tancet/admit-card,200,n,https://www.indianexaminfo.com/admission/management/tancet/admit-card
https://indianexaminfo.com/entrance-exam/research-fellowships/iiser-iat/cutoff,308,/admission/research-fellowships/iiser-iat/cutoff,1,https://indianexaminfo.com/admission/research-fellowships/iiser-iat/cutoff,200,n,https://www.indianexaminfo.com/admission/research-fellowships/iiser-iat/cutoff
https://indianexaminfo.com/entrance-exam/management/nmat/mock-test,308,/admission/management/nmat/mock-test,1,https://indianexaminfo.com/admission/management/nmat/mock-test,200,n,https://www.indianexaminfo.com/admission/management/nmat/mock-test
https://www.indianexaminfo.com/entrance-exam/university-entrance/christ-cuet/admit-card,308,/admission/university-entrance/christ-cuet/admit-card,1,https://www.indianexaminfo.com/admission/university-entrance/christ-cuet/admit-card,200,n,https://www.indianexaminfo.com/admission/university-entrance/christ-cuet/admit-card
https://www.indianexaminfo.com/entrance-exam/management/irmasat/application,308,/admission/management/irmasat/application,1,https://www.indianexaminfo.com/admission/management/irmasat/application,200,n,https://www.indianexaminfo.com/admission/management/irmasat/application
https://indianexaminfo.com/university-exam/central-university/bhu-uet,308,/admission/university-entrance/bhu-uet,1,https://indianexaminfo.com/admission/university-entrance/bhu-uet,200,n,https://www.indianexaminfo.com/admission/university-entrance/bhu-uet
https://www.indianexaminfo.com/entrance-exam/engineering/ap-eapcet,308,/admission/engineering/ap-eapcet,1,https://www.indianexaminfo.com/admission/engineering/ap-eapcet,200,n,https://www.indianexaminfo.com/admission/engineering/ap-eapcet
https://www.indianexaminfo.com/board-exam/state/up-board/up-board-class-12/answer-key,200,,0,https://www.indianexaminfo.com/board-exam/state/up-board/up-board-class-12/answer-key,200,n,https://www.indianexaminfo.com/board-exam/state/up-board/up-board-class-12/answer-key
https://www.indianexaminfo.com/entrance-exam/law/klee/admit-card,308,/admission/law/klee/admit-card,1,https://www.indianexaminfo.com/admission/law/klee/admit-card,200,n,https://www.indianexaminfo.com/admission/law/klee/admit-card
https://indianexaminfo.com/sarkari-naukri/csir-net-june-2026-result,200,,0,https://indianexaminfo.com/sarkari-naukri/csir-net-june-2026-result,200,n,https://www.indianexaminfo.com/sarkari-naukri/csir-net-june-2026-result
https://www.indianexaminfo.com/entrance-exam/agriculture/icar-aieea/admit-card,308,/admission/agriculture/icar-aieea/admit-card,1,https://www.indianexaminfo.com/admission/agriculture/icar-aieea/admit-card,200,n,https://www.indianexaminfo.com/admission/agriculture/icar-aieea/admit-card
https://www.indianexaminfo.com/entrance-exam/university-entrance/cuet-ug/application,308,/admission/university-entrance/cuet-ug/application,1,https://www.indianexaminfo.com/admission/university-entrance/cuet-ug/application,200,n,https://www.indianexaminfo.com/admission/university-entrance/cuet-ug/application
https://indianexaminfo.com/entrance-exam/research-fellowships/sat/syllabus,308,/admission/research-fellowships/sat/syllabus,1,https://indianexaminfo.com/admission/research-fellowships/sat/syllabus,200,n,https://www.indianexaminfo.com/admission/research-fellowships/sat/syllabus
https://www.indianexaminfo.com/entrance-exam/university-entrance/cuet-ug,308,/admission/university-entrance/cuet-ug,1,https://www.indianexaminfo.com/admission/university-entrance/cuet-ug,200,n,https://www.indianexaminfo.com/admission/university-entrance/cuet-ug
https://www.indianexaminfo.com/sarkari-naukri/up-nagar-nigam-mali-chowkidar-2026-varanasi,200,,0,https://www.indianexaminfo.com/sarkari-naukri/up-nagar-nigam-mali-chowkidar-2026-varanasi,200,n,https://www.indianexaminfo.com/sarkari-naukri/up-nagar-nigam-mali-chowkidar-2026-varanasi
https://indianexaminfo.com/entrance-exam/design/nid-dat/syllabus,308,/admission/design/nid-dat/syllabus,1,https://indianexaminfo.com/admission/design/nid-dat/syllabus,200,n,https://www.indianexaminfo.com/admission/design/nid-dat/syllabus
https://www.indianexaminfo.com/entrance-exam/law/mh-cet-law/cutoff,308,/admission/law/mh-cet-law/cutoff,1,https://www.indianexaminfo.com/admission/law/mh-cet-law/cutoff,200,n,https://www.indianexaminfo.com/admission/law/mh-cet-law/cutoff
https://indianexaminfo.com/entrance-exam/research-fellowships/tifr-gs/syllabus,308,/admission/research-fellowships/tifr-gs/syllabus,1,https://indianexaminfo.com/admission/research-fellowships/tifr-gs/syllabus,200,n,https://www.indianexaminfo.com/admission/research-fellowships/tifr-gs/syllabus
https://www.indianexaminfo.com/entrance-exam/law/klee,308,/admission/law/klee,1,https://www.indianexaminfo.com/admission/law/klee,200,n,https://www.indianexaminfo.com/admission/law/klee
https://www.indianexaminfo.com/entrance-exam/university-entrance/mah-mca-cet,308,/admission/university-entrance/mah-mca-cet,1,https://www.indianexaminfo.com/admission/university-entrance/mah-mca-cet,200,n,https://www.indianexaminfo.com/admission/university-entrance/mah-mca-cet
https://indianexaminfo.com/entrance-exam/management/nmat,308,/admission/management/nmat,1,https://indianexaminfo.com/admission/management/nmat,200,n,https://www.indianexaminfo.com/admission/management/nmat
https://www.indianexaminfo.com/board-exam/state/bihar-board/bihar-board-matric/result,200,,0,https://www.indianexaminfo.com/board-exam/state/bihar-board/bihar-board-matric/result,200,n,https://www.indianexaminfo.com/board-exam/state/bihar-board/bihar-board-matric/result
https://indianexaminfo.com/entrance-exam/management/cat/cutoff,308,/admission/management/cat/cutoff,1,https://indianexaminfo.com/admission/management/cat/cutoff,200,n,https://www.indianexaminfo.com/admission/management/cat/cutoff
https://www.indianexaminfo.com/entrance-exam/management/snap/application,308,/admission/management/snap/application,1,https://www.indianexaminfo.com/admission/management/snap/application,200,n,https://www.indianexaminfo.com/admission/management/snap/application
https://www.indianexaminfo.com/entrance-exam/agriculture/cg-pre-agri,308,/admission/agriculture/cg-pre-agri,1,https://www.indianexaminfo.com/admission/agriculture/cg-pre-agri,200,n,https://www.indianexaminfo.com/admission/agriculture/cg-pre-agri
https://indianexaminfo.com/entrance-exam/research-fellowships/jest/application,308,/admission/research-fellowships/jest/application,1,https://indianexaminfo.com/admission/research-fellowships/jest/application,200,n,https://www.indianexaminfo.com/admission/research-fellowships/jest/application
https://www.indianexaminfo.com/entrance-exam/design/pearl-academy/notification,308,/admission/design/pearl-academy/notification,1,https://www.indianexaminfo.com/admission/design/pearl-academy/notification,200,n,https://www.indianexaminfo.com/admission/design/pearl-academy/notification
https://www.indianexaminfo.com/entrance-exam/design/wud-dat/syllabus,308,/admission/design/wud-dat/syllabus,1,https://www.indianexaminfo.com/admission/design/wud-dat/syllabus,200,n,https://www.indianexaminfo.com/admission/design/wud-dat/syllabus
https://www.indianexaminfo.com/entrance-exam/management/tancet,308,/admission/management/tancet,1,https://www.indianexaminfo.com/admission/management/tancet,200,n,https://www.indianexaminfo.com/admission/management/tancet
https://indianexaminfo.com/entrance-exam/engineering/nata/result,308,/admission/engineering/nata/result,1,https://indianexaminfo.com/admission/engineering/nata/result,200,n,https://www.indianexaminfo.com/admission/engineering/nata/result
https://www.indianexaminfo.com/entrance-exam/research-fellowships/gmat/application,308,/admission/research-fellowships/gmat/application,1,https://www.indianexaminfo.com/admission/research-fellowships/gmat/application,200,n,https://www.indianexaminfo.com/admission/research-fellowships/gmat/application
https://www.indianexaminfo.com/entrance-exam/medical/ini-ss/cutoff,308,/admission/medical/ini-ss/cutoff,1,https://www.indianexaminfo.com/admission/medical/ini-ss/cutoff,200,n,https://www.indianexaminfo.com/admission/medical/ini-ss/cutoff
https://www.indianexaminfo.com/entrance-exam/medical/ini-ss/notification,308,/admission/medical/ini-ss/notification,1,https://www.indianexaminfo.com/admission/medical/ini-ss/notification,200,n,https://www.indianexaminfo.com/admission/medical/ini-ss/notification
https://www.indianexaminfo.com/entrance-exam/medical/niper-jee,308,/admission/medical/niper-jee,1,https://www.indianexaminfo.com/admission/medical/niper-jee,200,n,https://www.indianexaminfo.com/admission/medical/niper-jee
https://indianexaminfo.com/entrance-exam/management/ts-icet/admit-card,308,/admission/management/ts-icet/admit-card,1,https://indianexaminfo.com/admission/management/ts-icet/admit-card,200,n,https://www.indianexaminfo.com/admission/management/ts-icet/admit-card
https://indianexaminfo.com/entrance-exam/agriculture/rajasthan-jet/previous-papers,308,/admission/agriculture/rajasthan-jet/previous-papers,1,https://indianexaminfo.com/admission/agriculture/rajasthan-jet/previous-papers,200,n,https://www.indianexaminfo.com/admission/agriculture/rajasthan-jet/previous-papers
https://indianexaminfo.com/entrance-exam/research-fellowships/sat,308,/admission/research-fellowships/sat,1,https://indianexaminfo.com/admission/research-fellowships/sat,200,n,https://www.indianexaminfo.com/admission/research-fellowships/sat
https://indianexaminfo.com/sarkari-naukri/defence/cds-exam,200,,0,https://indianexaminfo.com/sarkari-naukri/defence/cds-exam,200,n,https://www.indianexaminfo.com/sarkari-naukri/defence/cds-exam
https://indianexaminfo.com/entrance-exam/research-fellowships/gmat/previous-papers,308,/admission/research-fellowships/gmat/previous-papers,1,https://indianexaminfo.com/admission/research-fellowships/gmat/previous-papers,200,n,https://www.indianexaminfo.com/admission/research-fellowships/gmat/previous-papers
https://www.indianexaminfo.com/entrance-exam/medical/niper-jee/cutoff,308,/admission/medical/niper-jee/cutoff,1,https://www.indianexaminfo.com/admission/medical/niper-jee/cutoff,200,n,https://www.indianexaminfo.com/admission/medical/niper-jee/cutoff
https://www.indianexaminfo.com/entrance-exam/university-entrance/christ-cuet/result,308,/admission/university-entrance/christ-cuet/result,1,https://www.indianexaminfo.com/admission/university-entrance/christ-cuet/result,200,n,https://www.indianexaminfo.com/admission/university-entrance/christ-cuet/result
https://indianexaminfo.com/entrance-exam/agriculture/hau-entrance,308,/admission/agriculture/hau-entrance,1,https://indianexaminfo.com/admission/agriculture/hau-entrance,200,n,https://www.indianexaminfo.com/admission/agriculture/hau-entrance
https://www.indianexaminfo.com/entrance-exam/university-entrance/christ-cuet/syllabus,308,/admission/university-entrance/christ-cuet/syllabus,1,https://www.indianexaminfo.com/admission/university-entrance/christ-cuet/syllabus,200,n,https://www.indianexaminfo.com/admission/university-entrance/christ-cuet/syllabus
https://www.indianexaminfo.com/board-exam/state/bihar-board/bihar-board-matric/admit-card,200,,0,https://www.indianexaminfo.com/board-exam/state/bihar-board/bihar-board-matric/admit-card,200,n,https://www.indianexaminfo.com/board-exam/state/bihar-board/bihar-board-matric/admit-card
https://indianexaminfo.com/university-exam/open-university/ignou-exam,200,,0,https://indianexaminfo.com/university-exam/open-university/ignou-exam,200,n,https://www.indianexaminfo.com/university-exam/open-university/ignou-exam
https://www.indianexaminfo.com/entrance-exam/law/slat/previous-papers,308,/admission/law/slat/previous-papers,1,https://www.indianexaminfo.com/admission/law/slat/previous-papers,200,n,https://www.indianexaminfo.com/admission/law/slat/previous-papers
https://www.indianexaminfo.com/entrance-exam/university-entrance/ipu-cet/admit-card,308,/admission/university-entrance/ipu-cet/admit-card,1,https://www.indianexaminfo.com/admission/university-entrance/ipu-cet/admit-card,200,n,https://www.indianexaminfo.com/admission/university-entrance/ipu-cet/admit-card
https://www.indianexaminfo.com/entrance-exam/university-entrance/set-symbiosis,308,/admission/university-entrance/set-symbiosis,1,https://www.indianexaminfo.com/admission/university-entrance/set-symbiosis,200,n,https://www.indianexaminfo.com/admission/university-entrance/set-symbiosis
https://www.indianexaminfo.com/sarkari-naukri/karnataka-pdgo-grade-2-village-accountant-2026,200,,0,https://www.indianexaminfo.com/sarkari-naukri/karnataka-pdgo-grade-2-village-accountant-2026,200,n,https://www.indianexaminfo.com/sarkari-naukri/karnataka-pdgo-grade-2-village-accountant-2026
https://www.indianexaminfo.com/entrance-exam/research-fellowships/jest,308,/admission/research-fellowships/jest,1,https://www.indianexaminfo.com/admission/research-fellowships/jest,200,n,https://www.indianexaminfo.com/admission/research-fellowships/jest
https://www.indianexaminfo.com/sarkari-naukri/rajasthan-pashu-paricharak-2026,200,,0,https://www.indianexaminfo.com/sarkari-naukri/rajasthan-pashu-paricharak-2026,200,n,https://www.indianexaminfo.com/sarkari-naukri/rajasthan-pashu-paricharak-2026
https://www.indianexaminfo.com/entrance-exam/agriculture/hau-entrance,308,/admission/agriculture/hau-entrance,1,https://www.indianexaminfo.com/admission/agriculture/hau-entrance,200,n,https://www.indianexaminfo.com/admission/agriculture/hau-entrance
https://www.indianexaminfo.com/entrance-exam/university-entrance/jmi-entrance/syllabus,308,/admission/university-entrance/jmi-entrance/syllabus,1,https://www.indianexaminfo.com/admission/university-entrance/jmi-entrance/syllabus,200,n,https://www.indianexaminfo.com/admission/university-entrance/jmi-entrance/syllabus
https://indianexaminfo.com/entrance-exam/engineering/viteee/admit-card,308,/admission/engineering/viteee/admit-card,1,https://indianexaminfo.com/admission/engineering/viteee/admit-card,200,n,https://www.indianexaminfo.com/admission/engineering/viteee/admit-card
https://www.indianexaminfo.com/entrance-exam/management/cat/admit-card,308,/admission/management/cat/admit-card,1,https://www.indianexaminfo.com/admission/management/cat/admit-card,200,n,https://www.indianexaminfo.com/admission/management/cat/admit-card
https://www.indianexaminfo.com/entrance-exam/defence-entrance/nda/syllabus,308,/admission/defence-entrance/nda/syllabus,1,https://www.indianexaminfo.com/admission/defence-entrance/nda/syllabus,200,n,https://www.indianexaminfo.com/admission/defence-entrance/nda/syllabus
https://indianexaminfo.com/government-exam,307,/sarkari-naukri,1,https://indianexaminfo.com/sarkari-naukri,200,n,https://www.indianexaminfo.com/sarkari-naukri
https://www.indianexaminfo.com/sarkari-naukri/up-revenue-department-amin-2026,200,,0,https://www.indianexaminfo.com/sarkari-naukri/up-revenue-department-amin-2026,200,n,https://www.indianexaminfo.com/sarkari-naukri/up-revenue-department-amin-2026
https://www.indianexaminfo.com/entrance-exam/law/amu-law/previous-papers,308,/admission/law/amu-law/previous-papers,1,https://www.indianexaminfo.com/admission/law/amu-law/previous-papers,200,n,https://www.indianexaminfo.com/admission/law/amu-law/previous-papers
https://indianexaminfo.com/entrance-exam/research-fellowships/icmr-jrf/previous-papers,308,/admission/research-fellowships/icmr-jrf/previous-papers,1,https://indianexaminfo.com/admission/research-fellowships/icmr-jrf/previous-papers,200,n,https://www.indianexaminfo.com/admission/research-fellowships/icmr-jrf/previous-papers
https://www.indianexaminfo.com/entrance-exam/law/clat/cutoff,308,/admission/law/clat/cutoff,1,https://www.indianexaminfo.com/admission/law/clat/cutoff,200,n,https://www.indianexaminfo.com/admission/law/clat/cutoff
https://www.indianexaminfo.com/entrance-exam/medical/neet-pg/previous-papers,308,/admission/medical/neet-pg/previous-papers,1,https://www.indianexaminfo.com/admission/medical/neet-pg/previous-papers,200,n,https://www.indianexaminfo.com/admission/medical/neet-pg/previous-papers
https://www.indianexaminfo.com/entrance-exam/management/ts-icet/application,308,/admission/management/ts-icet/application,1,https://www.indianexaminfo.com/admission/management/ts-icet/application,200,n,https://www.indianexaminfo.com/admission/management/ts-icet/application
https://www.indianexaminfo.com/entrance-exam/law/lsat-india/admit-card,308,/admission/law/lsat-india/admit-card,1,https://www.indianexaminfo.com/admission/law/lsat-india/admit-card,200,n,https://www.indianexaminfo.com/admission/law/lsat-india/admit-card
https://www.indianexaminfo.com/entrance-exam/design/aifd-wat,308,/admission/design/aifd-wat,1,https://www.indianexaminfo.com/admission/design/aifd-wat,200,n,https://www.indianexaminfo.com/admission/design/aifd-wat
https://www.indianexaminfo.com/entrance-exam/university-entrance/pu-cet-pg,308,/admission/university-entrance/pu-cet-pg,1,https://www.indianexaminfo.com/admission/university-entrance/pu-cet-pg,200,n,https://www.indianexaminfo.com/admission/university-entrance/pu-cet-pg
https://www.indianexaminfo.com/entrance-exam/management/micat,308,/admission/management/micat,1,https://www.indianexaminfo.com/admission/management/micat,200,n,https://www.indianexaminfo.com/admission/management/micat
https://indianexaminfo.com/entrance-exam/design/fddi-aist/admit-card,308,/admission/design/fddi-aist/admit-card,1,https://indianexaminfo.com/admission/design/fddi-aist/admit-card,200,n,https://www.indianexaminfo.com/admission/design/fddi-aist/admit-card
https://www.indianexaminfo.com/entrance-exam/law/klee/answer-key,308,/admission/law/klee/answer-key,1,https://www.indianexaminfo.com/admission/law/klee/answer-key,200,n,https://www.indianexaminfo.com/admission/law/klee/answer-key
https://www.indianexaminfo.com/entrance-exam/university-entrance/pu-cet-ug,308,/admission/university-entrance/pu-cet-ug,1,https://www.indianexaminfo.com/admission/university-entrance/pu-cet-ug,200,n,https://www.indianexaminfo.com/admission/university-entrance/pu-cet-ug
https://www.indianexaminfo.com/entrance-exam/medical/ruhs-nursing,308,/admission/medical/ruhs-nursing,1,https://www.indianexaminfo.com/admission/medical/ruhs-nursing,200,n,https://www.indianexaminfo.com/admission/medical/ruhs-nursing
https://www.indianexaminfo.com/entrance-exam/research-fellowships/ugc-net/result,308,/admission/research-fellowships/ugc-net/result,1,https://www.indianexaminfo.com/admission/research-fellowships/ugc-net/result,200,n,https://www.indianexaminfo.com/admission/research-fellowships/ugc-net/result
https://indianexaminfo.com/university-exam/central-university/du-admission,308,/admission/university-entrance/du-admission,1,https://indianexaminfo.com/admission/university-entrance/du-admission,200,n,https://www.indianexaminfo.com/admission/university-entrance/du-admission
https://www.indianexaminfo.com/entrance-exam/management/cat/application,308,/admission/management/cat/application,1,https://www.indianexaminfo.com/admission/management/cat/application,200,n,https://www.indianexaminfo.com/admission/management/cat/application
https://www.indianexaminfo.com/entrance-exam/law/lsat-india/application,308,/admission/law/lsat-india/application,1,https://www.indianexaminfo.com/admission/law/lsat-india/application,200,n,https://www.indianexaminfo.com/admission/law/lsat-india/application
https://www.indianexaminfo.com/entrance-exam/university-entrance/kiitee,308,/admission/university-entrance/kiitee,1,https://www.indianexaminfo.com/admission/university-entrance/kiitee,200,n,https://www.indianexaminfo.com/admission/university-entrance/kiitee
https://www.indianexaminfo.com/entrance-exam/design/uceed/admit-card,308,/admission/design/uceed/admit-card,1,https://www.indianexaminfo.com/admission/design/uceed/admit-card,200,n,https://www.indianexaminfo.com/admission/design/uceed/admit-card
https://www.indianexaminfo.com/entrance-exam/engineering/comedk-uget/answer-key,308,/admission/engineering/comedk-uget/answer-key,1,https://www.indianexaminfo.com/admission/engineering/comedk-uget/answer-key,200,n,https://www.indianexaminfo.com/admission/engineering/comedk-uget/answer-key
https://www.indianexaminfo.com/entrance-exam/law/ailet/cutoff,308,/admission/law/ailet/cutoff,1,https://www.indianexaminfo.com/admission/law/ailet/cutoff,200,n,https://www.indianexaminfo.com/admission/law/ailet/cutoff
https://indianexaminfo.com/entrance-exam/engineering/comedk-uget/notification,308,/admission/engineering/comedk-uget/notification,1,https://indianexaminfo.com/admission/engineering/comedk-uget/notification,200,n,https://www.indianexaminfo.com/admission/engineering/comedk-uget/notification
https://www.indianexaminfo.com/entrance-exam/engineering/gate-2026/answer-key,308,/admission/engineering/gate-2026/answer-key,1,https://www.indianexaminfo.com/admission/engineering/gate-2026/answer-key,200,n,https://www.indianexaminfo.com/admission/engineering/gate-2026/answer-key
https://indianexaminfo.com/entrance-exam/research-fellowships/tifr-gs/previous-papers,308,/admission/research-fellowships/tifr-gs/previous-papers,1,https://indianexaminfo.com/admission/research-fellowships/tifr-gs/previous-papers,200,n,https://www.indianexaminfo.com/admission/research-fellowships/tifr-gs/previous-papers
https://www.indianexaminfo.com/entrance-exam/university-entrance/cuet-pg/syllabus,308,/admission/university-entrance/cuet-pg/syllabus,1,https://www.indianexaminfo.com/admission/university-entrance/cuet-pg/syllabus,200,n,https://www.indianexaminfo.com/admission/university-entrance/cuet-pg/syllabus
https://www.indianexaminfo.com/entrance-exam/university-entrance/set-symbiosis/admit-card,308,/admission/university-entrance/set-symbiosis/admit-card,1,https://www.indianexaminfo.com/admission/university-entrance/set-symbiosis/admit-card,200,n,https://www.indianexaminfo.com/admission/university-entrance/set-symbiosis/admit-card
https://indianexaminfo.com/entrance-exam/research-fellowships/gre/previous-papers,308,/admission/research-fellowships/gre/previous-papers,1,https://indianexaminfo.com/admission/research-fellowships/gre/previous-papers,200,n,https://www.indianexaminfo.com/admission/research-fellowships/gre/previous-papers
https://www.indianexaminfo.com/entrance-exam/defence-entrance/afcat/syllabus,308,/admission/defence-entrance/afcat/syllabus,1,https://www.indianexaminfo.com/admission/defence-entrance/afcat/syllabus,200,n,https://www.indianexaminfo.com/admission/defence-entrance/afcat/syllabus
https://www.indianexaminfo.com/entrance-exam/university-entrance/met-manipal/application,308,/admission/university-entrance/met-manipal/application,1,https://www.indianexaminfo.com/admission/university-entrance/met-manipal/application,200,n,https://www.indianexaminfo.com/admission/university-entrance/met-manipal/application
https://www.indianexaminfo.com/sarkari-naukri/bihar-hospital-group-d-2026-all-districts,200,,0,https://www.indianexaminfo.com/sarkari-naukri/bihar-hospital-group-d-2026-all-districts,200,n,https://www.indianexaminfo.com/sarkari-naukri/bihar-hospital-group-d-2026-all-districts
https://www.indianexaminfo.com/entrance-exam/medical/ini-ss/admit-card,308,/admission/medical/ini-ss/admit-card,1,https://www.indianexaminfo.com/admission/medical/ini-ss/admit-card,200,n,https://www.indianexaminfo.com/admission/medical/ini-ss/admit-card
https://www.indianexaminfo.com/entrance-exam/university-entrance/pu-cet-pg/admit-card,308,/admission/university-entrance/pu-cet-pg/admit-card,1,https://www.indianexaminfo.com/admission/university-entrance/pu-cet-pg/admit-card,200,n,https://www.indianexaminfo.com/admission/university-entrance/pu-cet-pg/admit-card
https://www.indianexaminfo.com/entrance-exam/design/fddi-aist,308,/admission/design/fddi-aist,1,https://www.indianexaminfo.com/admission/design/fddi-aist,200,n,https://www.indianexaminfo.com/admission/design/fddi-aist
https://www.indianexaminfo.com/entrance-exam/medical/neet-mds,308,/admission/medical/neet-mds,1,https://www.indianexaminfo.com/admission/medical/neet-mds,200,n,https://www.indianexaminfo.com/admission/medical/neet-mds
https://www.indianexaminfo.com/entrance-exam/university-entrance/pu-cet-pg/syllabus,308,/admission/university-entrance/pu-cet-pg/syllabus,1,https://www.indianexaminfo.com/admission/university-entrance/pu-cet-pg/syllabus,200,n,https://www.indianexaminfo.com/admission/university-entrance/pu-cet-pg/syllabus
https://www.indianexaminfo.com/entrance-exam/law/ailet/syllabus,308,/admission/law/ailet/syllabus,1,https://www.indianexaminfo.com/admission/law/ailet/syllabus,200,n,https://www.indianexaminfo.com/admission/law/ailet/syllabus
https://indianexaminfo.com/government-exam/defence/indian-army-agniveer,307,/sarkari-naukri/defence/indian-army-agniveer,1,https://indianexaminfo.com/sarkari-naukri/defence/indian-army-agniveer,200,n,https://www.indianexaminfo.com/sarkari-naukri/defence/indian-army-agniveer
https://www.indianexaminfo.com/entrance-exam/university-entrance/christ-cuet/application,308,/admission/university-entrance/christ-cuet/application,1,https://www.indianexaminfo.com/admission/university-entrance/christ-cuet/application,200,n,https://www.indianexaminfo.com/admission/university-entrance/christ-cuet/application
https://www.indianexaminfo.com/board-exam/state/cbse/cbse-class-10/result,200,,0,https://www.indianexaminfo.com/board-exam/state/cbse/cbse-class-10/result,200,n,https://www.indianexaminfo.com/board-exam/state/cbse/cbse-class-10/result
https://www.indianexaminfo.com/entrance-exam/management/snap/admit-card,308,/admission/management/snap/admit-card,1,https://www.indianexaminfo.com/admission/management/snap/admit-card,200,n,https://www.indianexaminfo.com/admission/management/snap/admit-card
https://indianexaminfo.com/entrance-exam/management/ts-icet/syllabus,308,/admission/management/ts-icet/syllabus,1,https://indianexaminfo.com/admission/management/ts-icet/syllabus,200,n,https://www.indianexaminfo.com/admission/management/ts-icet/syllabus
https://www.indianexaminfo.com/entrance-exam/design/nid-dat/application,308,/admission/design/nid-dat/application,1,https://www.indianexaminfo.com/admission/design/nid-dat/application,200,n,https://www.indianexaminfo.com/admission/design/nid-dat/application
https://indianexaminfo.com/news/neet-ug-2026-preparation-tips,200,,0,https://indianexaminfo.com/news/neet-ug-2026-preparation-tips,200,n,https://www.indianexaminfo.com
https://indianexaminfo.com/entrance-exam/research-fellowships/iit-jam/mock-test,308,/admission/research-fellowships/iit-jam/mock-test,1,https://indianexaminfo.com/admission/research-fellowships/iit-jam/mock-test,200,n,https://www.indianexaminfo.com/admission/research-fellowships/iit-jam/mock-test
https://indianexaminfo.com/university-exam/deemed-university/amity-entrance/syllabus,200,,0,https://indianexaminfo.com/university-exam/deemed-university/amity-entrance/syllabus,200,n,https://www.indianexaminfo.com
https://www.indianexaminfo.com/entrance-exam/management/jipmat/admit-card,308,/admission/management/jipmat/admit-card,1,https://www.indianexaminfo.com/admission/management/jipmat/admit-card,200,n,https://www.indianexaminfo.com/admission/management/jipmat/admit-card
https://www.indianexaminfo.com/entrance-exam/university-entrance/set-symbiosis/application,308,/admission/university-entrance/set-symbiosis/application,1,https://www.indianexaminfo.com/admission/university-entrance/set-symbiosis/application,200,n,https://www.indianexaminfo.com/admission/university-entrance/set-symbiosis/application
https://indianexaminfo.com/sarkari-naukri/upsc-cds-1-2026-result?utm_campaign=google_jobs_apply&utm_source=google_jobs_apply&utm_medium=organic,200,,0,https://indianexaminfo.com/sarkari-naukri/upsc-cds-1-2026-result?utm_campaign=google_jobs_apply&utm_source=google_jobs_apply&utm_medium=organic,200,n,https://www.indianexaminfo.com/sarkari-naukri/upsc-cds-1-2026-result
https://indianexaminfo.com/sarkari-naukri/upsc-ifos-2026-prelims-result,200,,0,https://indianexaminfo.com/sarkari-naukri/upsc-ifos-2026-prelims-result,200,n,https://www.indianexaminfo.com/sarkari-naukri/upsc-ifos-2026-prelims-result
https://www.indianexaminfo.com/entrance-exam/agriculture/mp-pat/admit-card,308,/admission/agriculture/mp-pat/admit-card,1,https://www.indianexaminfo.com/admission/agriculture/mp-pat/admit-card,200,n,https://www.indianexaminfo.com/admission/agriculture/mp-pat/admit-card
https://www.indianexaminfo.com/entrance-exam/law/christ-law/syllabus,308,/admission/law/christ-law/syllabus,1,https://www.indianexaminfo.com/admission/law/christ-law/syllabus,200,n,https://www.indianexaminfo.com/admission/law/christ-law/syllabus
https://www.indianexaminfo.com/entrance-exam/management/ibsat/admit-card,308,/admission/management/ibsat/admit-card,1,https://www.indianexaminfo.com/admission/management/ibsat/admit-card,200,n,https://www.indianexaminfo.com/admission/management/ibsat/admit-card
https://indianexaminfo.com/entrance-exam/research-fellowships/jest/answer-key,308,/admission/research-fellowships/jest/answer-key,1,https://indianexaminfo.com/admission/research-fellowships/jest/answer-key,200,n,https://www.indianexaminfo.com/admission/research-fellowships/jest/answer-key
https://indianexaminfo.com/entrance-exam/research-fellowships/jest/cutoff,308,/admission/research-fellowships/jest/cutoff,1,https://indianexaminfo.com/admission/research-fellowships/jest/cutoff,200,n,https://www.indianexaminfo.com/admission/research-fellowships/jest/cutoff
https://indianexaminfo.com/sarkari-naukri/ssc-chsl-2026-tier1-result,200,,0,https://indianexaminfo.com/sarkari-naukri/ssc-chsl-2026-tier1-result,200,n,https://www.indianexaminfo.com/sarkari-naukri/ssc-chsl-2026-tier1-result
https://www.indianexaminfo.com/entrance-exam/design/seed/cutoff,308,/admission/design/seed/cutoff,1,https://www.indianexaminfo.com/admission/design/seed/cutoff,200,n,https://www.indianexaminfo.com/admission/design/seed/cutoff
https://www.indianexaminfo.com/entrance-exam/design/seed/application,308,/admission/design/seed/application,1,https://www.indianexaminfo.com/admission/design/seed/application,200,n,https://www.indianexaminfo.com/admission/design/seed/application
https://www.indianexaminfo.com/entrance-exam/law/jmi-law/cutoff,308,/admission/law/jmi-law/cutoff,1,https://www.indianexaminfo.com/admission/law/jmi-law/cutoff,200,n,https://www.indianexaminfo.com/admission/law/jmi-law/cutoff
https://www.indianexaminfo.com/entrance-exam/law/klee/previous-papers,308,/admission/law/klee/previous-papers,1,https://www.indianexaminfo.com/admission/law/klee/previous-papers,200,n,https://www.indianexaminfo.com/admission/law/klee/previous-papers
https://www.indianexaminfo.com/entrance-exam/engineering/keam,308,/admission/engineering/keam,1,https://www.indianexaminfo.com/admission/engineering/keam,200,n,https://www.indianexaminfo.com/admission/engineering/keam
https://www.indianexaminfo.com/entrance-exam/agriculture/mp-pat/answer-key,308,/admission/agriculture/mp-pat/answer-key,1,https://www.indianexaminfo.com/admission/agriculture/mp-pat/answer-key,200,n,https://www.indianexaminfo.com/admission/agriculture/mp-pat/answer-key
https://www.indianexaminfo.com/board-exam/state/cbse/cbse-class-12/result,200,,0,https://www.indianexaminfo.com/board-exam/state/cbse/cbse-class-12/result,200,n,https://www.indianexaminfo.com/board-exam/state/cbse/cbse-class-12/result
https://www.indianexaminfo.com/entrance-exam/law/klee/cutoff,308,/admission/law/klee/cutoff,1,https://www.indianexaminfo.com/admission/law/klee/cutoff,200,n,https://www.indianexaminfo.com/admission/law/klee/cutoff
https://www.indianexaminfo.com/entrance-exam/law/ipu-cet-law/mock-test,308,/admission/law/ipu-cet-law/mock-test,1,https://www.indianexaminfo.com/admission/law/ipu-cet-law/mock-test,200,n,https://www.indianexaminfo.com/admission/law/ipu-cet-law/mock-test
https://indianexaminfo.com/university-exam/deemed-university/amity-entrance/news,200,,0,https://indianexaminfo.com/university-exam/deemed-university/amity-entrance/news,200,n,https://www.indianexaminfo.com
https://indianexaminfo.com/entrance-exam/management/atma,308,/admission/management/atma,1,https://indianexaminfo.com/admission/management/atma,200,n,https://www.indianexaminfo.com/admission/management/atma
https://www.indianexaminfo.com/entrance-exam/engineering/cg-pet/result,308,/admission/engineering/cg-pet/result,1,https://www.indianexaminfo.com/admission/engineering/cg-pet/result,200,n,https://www.indianexaminfo.com/admission/engineering/cg-pet/result
https://indianexaminfo.com/entrance-exam/management/micat/result,308,/admission/management/micat/result,1,https://indianexaminfo.com/admission/management/micat/result,200,n,https://www.indianexaminfo.com/admission/management/micat/result
https://www.indianexaminfo.com/board-exam/state/bihar-board/bihar-board-inter/answer-key,200,,0,https://www.indianexaminfo.com/board-exam/state/bihar-board/bihar-board-inter/answer-key,200,n,https://www.indianexaminfo.com/board-exam/state/bihar-board/bihar-board-inter/answer-key
https://www.indianexaminfo.com/entrance-exam/law/ilicat/syllabus,308,/admission/law/ilicat/syllabus,1,https://www.indianexaminfo.com/admission/law/ilicat/syllabus,200,n,https://www.indianexaminfo.com/admission/law/ilicat/syllabus
https://www.indianexaminfo.com/entrance-exam/medical/neet-mds/syllabus,308,/admission/medical/neet-mds/syllabus,1,https://www.indianexaminfo.com/admission/medical/neet-mds/syllabus,200,n,https://www.indianexaminfo.com/admission/medical/neet-mds/syllabus
https://www.indianexaminfo.com/entrance-exam/engineering/ap-eapcet/application,308,/admission/engineering/ap-eapcet/application,1,https://www.indianexaminfo.com/admission/engineering/ap-eapcet/application,200,n,https://www.indianexaminfo.com/admission/engineering/ap-eapcet/application
https://www.indianexaminfo.com/entrance-exam/management/nmat/application,308,/admission/management/nmat/application,1,https://www.indianexaminfo.com/admission/management/nmat/application,200,n,https://www.indianexaminfo.com/admission/management/nmat/application
https://www.indianexaminfo.com/entrance-exam/defence-entrance/afcat,308,/admission/defence-entrance/afcat,1,https://www.indianexaminfo.com/admission/defence-entrance/afcat,200,n,https://www.indianexaminfo.com/admission/defence-entrance/afcat
https://www.indianexaminfo.com/entrance-exam/management/nmat/answer-key,308,/admission/management/nmat/answer-key,1,https://www.indianexaminfo.com/admission/management/nmat/answer-key,200,n,https://www.indianexaminfo.com/admission/management/nmat/answer-key
https://www.indianexaminfo.com/entrance-exam/university-entrance/amu-entrance/admit-card,308,/admission/university-entrance/amu-entrance/admit-card,1,https://www.indianexaminfo.com/admission/university-entrance/amu-entrance/admit-card,200,n,
https://indianexaminfo.com/government-exam/banking/sbi-clerk/result,307,/sarkari-naukri/banking/sbi-clerk/result,1,https://indianexaminfo.com/sarkari-naukri/banking/sbi-clerk/result,200,n,https://www.indianexaminfo.com/sarkari-naukri/banking/sbi-clerk/result
https://indianexaminfo.com/entrance-exam/research-fellowships/iiser-iat/previous-papers,308,/admission/research-fellowships/iiser-iat/previous-papers,1,https://indianexaminfo.com/admission/research-fellowships/iiser-iat/previous-papers,200,n,https://www.indianexaminfo.com/admission/research-fellowships/iiser-iat/previous-papers
https://www.indianexaminfo.com/entrance-exam/design/nid-dat/admit-card,308,/admission/design/nid-dat/admit-card,1,https://www.indianexaminfo.com/admission/design/nid-dat/admit-card,200,n,https://www.indianexaminfo.com/admission/design/nid-dat/admit-card
https://www.indianexaminfo.com/entrance-exam/research-fellowships/ugc-net/answer-key,308,/admission/research-fellowships/ugc-net/answer-key,1,https://www.indianexaminfo.com/admission/research-fellowships/ugc-net/answer-key,200,n,
https://indianexaminfo.com/government-exam/defence/cds-exam,0,,0,https://indianexaminfo.com/government-exam/defence/cds-exam,0,n,
https://www.indianexaminfo.com/entrance-exam/research-fellowships/sat/cutoff,0,,0,https://www.indianexaminfo.com/entrance-exam/research-fellowships/sat/cutoff,0,n,
https://www.indianexaminfo.com/entrance-exam/university-entrance/cuet-ug/result,0,,0,https://www.indianexaminfo.com/entrance-exam/university-entrance/cuet-ug/result,0,n,
https://www.indianexaminfo.com/entrance-exam/design/nid-dat/previous-papers,0,,0,https://www.indianexaminfo.com/entrance-exam/design/nid-dat/previous-papers,0,n,
https://www.indianexaminfo.com/entrance-exam/university-entrance/cuet-pg/mock-test,0,,0,https://www.indianexaminfo.com/entrance-exam/university-entrance/cuet-pg/mock-test,0,n,
https://www.indianexaminfo.com/entrance-exam/engineering/kcet/syllabus,0,,0,https://www.indianexaminfo.com/entrance-exam/engineering/kcet/syllabus,0,n,
https://indianexaminfo.com/entrance-exam/engineering/keam/admit-card,0,,0,https://indianexaminfo.com/entrance-exam/engineering/keam/admit-card,0,n,
https://indianexaminfo.com/entrance-exam/law/clat/mock-test,0,,0,https://indianexaminfo.com/entrance-exam/law/clat/mock-test,0,n,
https://indianexaminfo.com/entrance-exam/management/cat-2026,0,,0,https://indianexaminfo.com/entrance-exam/management/cat-2026,0,n,
https://www.indianexaminfo.com/sarkari-naukri/state/jharkhand,0,,0,https://www.indianexaminfo.com/sarkari-naukri/state/jharkhand,0,n,
https://indianexaminfo.com/sarkari-naukri/up-nagar-nigam-salai-karmi-2026-kanpur,0,,0,https://indianexaminfo.com/sarkari-naukri/up-nagar-nigam-salai-karmi-2026-kanpur,0,n,
https://indianexaminfo.com/sarkari-naukri/up-nagar-nigam-salary-karmi-2026-kanpur,0,,0,https://indianexaminfo.com/sarkari-naukri/up-nagar-nigam-salary-karmi-2026-kanpur,0,n,
https://www.indianexaminfo.com/sarkari-naukri/up-nagar-nigam-salai-karmi-2026-lucknow,0,,0,https://www.indianexaminfo.com/sarkari-naukri/up-nagar-nigam-salai-karmi-2026-lucknow,0,n,
https://www.indianexaminfo.com/sarkari-naukri/up-nagar-nigam-salary-2026,0,,0,https://www.indianexaminfo.com/sarkari-naukri/up-nagar-nigam-salary-2026,0,n,
https://www.indianexaminfo.com/sarkari-naukri/up-swasthya-vibhag-ambulance-divider-2026,0,,0,https://www.indianexaminfo.com/sarkari-naukri/up-swasthya-vibhag-ambulance-divider-2026,0,n,
https://indianexaminfo.com/sarkari-naukri/up-forest-guard-vanrakshak-bharti-2026,0,,0,https://indianexaminfo.com/sarkari-naukri/up-forest-guard-vanrakshak-bharti-2026,0,n,
https://www.indianexaminfo.com/entrance-exam/agriculture/hau-entrance/syllabus,0,,0,https://www.indianexaminfo.com/entrance-exam/agriculture/hau-entrance/syllabus,0,n,
https://www.indianexaminfo.com/entrance-exam/design/seed/admit-card,0,,0,https://www.indianexaminfo.com/entrance-exam/design/seed/admit-card,0,n,
https://indianexaminfo.com/entrance-exam/management/cat/notification,0,,0,https://indianexaminfo.com/entrance-exam/management/cat/notification,0,n,
https://www.indianexaminfo.com/entrance-exam/design/aifd-wat/application,0,,0,https://www.indianexaminfo.com/entrance-exam/design/aifd-wat/application,0,n,
https://www.indianexaminfo.com/entrance-exam/medical/neet-mds/admit-card,0,,0,https://www.indianexaminfo.com/entrance-exam/medical/neet-mds/admit-card,0,n,
https://www.indianexaminfo.com/entrance-exam/design/seed/previous-papers,0,,0,https://www.indianexaminfo.com/entrance-exam/design/seed/previous-papers,0,n,
https://www.indianexaminfo.com/entrance-exam/engineering/assam-cee-2026/previous-papers,0,,0,https://www.indianexaminfo.com/entrance-exam/engineering/assam-cee-2026/previous-papers,0,n,
https://www.indianexaminfo.com/entrance-exam/management,0,,0,https://www.indianexaminfo.com/entrance-exam/management,0,n,
https://www.indianexaminfo.com/entrance-exam/university-entrance/pu-cet-pg/mock-test,0,,0,https://www.indianexaminfo.com/entrance-exam/university-entrance/pu-cet-pg/mock-test,0,n,
https://www.indianexaminfo.com/entrance-exam/law/aibe/admit-card,0,,0,https://www.indianexaminfo.com/entrance-exam/law/aibe/admit-card,0,n,
https://www.indianexaminfo.com/entrance-exam/university-entrance/kiitee/admit-card,0,,0,https://www.indianexaminfo.com/entrance-exam/university-entrance/kiitee/admit-card,0,n,
https://www.indianexaminfo.com/entrance-exam/agriculture/cg-pre-agri/admit-card,0,,0,https://www.indianexaminfo.com/entrance-exam/agriculture/cg-pre-agri/admit-card,0,n,
https://www.indianexaminfo.com/entrance-exam/law/ipu-cet-law/syllabus,0,,0,https://www.indianexaminfo.com/entrance-exam/law/ipu-cet-law/syllabus,0,n,
https://indianexaminfo.com/entrance-exam/research-fellowships/iit-jam/previous-papers,0,,0,https://indianexaminfo.com/entrance-exam/research-fellowships/iit-jam/previous-papers,0,n,
https://www.indianexaminfo.com/entrance-exam/design/seed/notification,0,,0,https://www.indianexaminfo.com/entrance-exam/design/seed/notification,0,n,
https://www.indianexaminfo.com/entrance-exam/design/uceed/result,0,,0,https://www.indianexaminfo.com/entrance-exam/design/uceed/result,0,n,
https://www.indianexaminfo.com/entrance-exam/engineering/ts-eapcet/notification,0,,0,https://www.indianexaminfo.com/entrance-exam/engineering/ts-eapcet/notification,0,n,
https://www.indianexaminfo.com/entrance-exam/university-entrance/npat/admit-card,0,,0,https://www.indianexaminfo.com/entrance-exam/university-entrance/npat/admit-card,0,n,
https://www.indianexaminfo.com/entrance-exam/university-entrance/pu-cet-ug/admit-card,0,,0,https://www.indianexaminfo.com/entrance-exam/university-entrance/pu-cet-ug/admit-card,0,n,
https://www.indianexaminfo.com/sarkari-naukri/rrb-group-d-2026-result,0,,0,https://www.indianexaminfo.com/sarkari-naukri/rrb-group-d-2026-result,0,n,
https://www.indianexaminfo.com/entrance-exam/agriculture/cg-pre-agri/previous-papers,0,,0,https://www.indianexaminfo.com/entrance-exam/agriculture/cg-pre-agri/previous-papers,0,n,
https://www.indianexaminfo.com/entrance-exam/law/aibe/application,0,,0,https://www.indianexaminfo.com/entrance-exam/law/aibe/application,0,n,
https://www.indianexaminfo.com/entrance-exam/law/ailet,0,,0,https://www.indianexaminfo.com/entrance-exam/law/ailet,0,n,
https://www.indianexaminfo.com/entrance-exam/management/tancet/cutoff,0,,0,https://www.indianexaminfo.com/entrance-exam/management/tancet/cutoff,0,n,
https://www.indianexaminfo.com/entrance-exam/university-entrance/pu-cet-ug/syllabus,0,,0,https://www.indianexaminfo.com/entrance-exam/university-entrance/pu-cet-ug/syllabus,0,n,
https://www.indianexaminfo.com/sarkari-naukri/madhya-pradesh-forest-guard-field-2026-hoshangabad,0,,0,https://www.indianexaminfo.com/sarkari-naukri/madhya-pradesh-forest-guard-field-2026-hoshangabad,0,n,
https://www.indianexaminfo.com/entrance-exam/law/lfat/application,0,,0,https://www.indianexaminfo.com/entrance-exam/law/lfat/application,0,n,
https://www.indianexaminfo.com/entrance-exam/university-entrance/cuet-ug/syllabus,0,,0,https://www.indianexaminfo.com/entrance-exam/university-entrance/cuet-ug/syllabus,0,n,
https://www.indianexaminfo.com/entrance-exam/engineering/cg-pet/admit-card,0,,0,https://www.indianexaminfo.com/entrance-exam/engineering/cg-pet/admit-card,0,n,
https://www.indianexaminfo.com/entrance-exam/university-entrance/pessat/syllabus,0,,0,https://www.indianexaminfo.com/entrance-exam/university-entrance/pessat/syllabus,0,n,
https://www.indianexaminfo.com/entrance-exam/law/klee/syllabus,0,,0,https://www.indianexaminfo.com/entrance-exam/law/klee/syllabus,0,n,
https://www.indianexaminfo.com/entrance-exam/university-entrance/ojee/result,0,,0,https://www.indianexaminfo.com/entrance-exam/university-entrance/ojee/result,0,n,
https://indianexaminfo.com/entrance-exam/engineering/gate/admit-card,0,,0,https://indianexaminfo.com/entrance-exam/engineering/gate/admit-card,0,n,
https://www.indianexaminfo.com/entrance-exam/medical/niper-jee/syllabus,0,,0,https://www.indianexaminfo.com/entrance-exam/medical/niper-jee/syllabus,0,n,
https://www.indianexaminfo.com/entrance-exam/university-entrance/amu-entrance/application,0,,0,https://www.indianexaminfo.com/entrance-exam/university-entrance/amu-entrance/application,0,n,
https://indianexaminfo.com/entrance-exam/research-fellowships/jest/syllabus,0,,0,https://indianexaminfo.com/entrance-exam/research-fellowships/jest/syllabus,0,n,
https://indianexaminfo.com/sarkari-naukri/sebi-grade-a-2026-phase1-result,0,,0,https://indianexaminfo.com/sarkari-naukri/sebi-grade-a-2026-phase1-result,0,n,
https://www.indianexaminfo.com/entrance-exam/law/klee/application,0,,0,https://www.indianexaminfo.com/entrance-exam/law/klee/application,0,n,
https://www.indianexaminfo.com/entrance-exam/agriculture/jk-cet/admit-card,0,,0,https://www.indianexaminfo.com/entrance-exam/agriculture/jk-cet/admit-card,0,n,
https://www.indianexaminfo.com/entrance-exam/engineering/assam-cee/answer-key,0,,0,https://www.indianexaminfo.com/entrance-exam/engineering/assam-cee/answer-key,0,n,
https://www.indianexaminfo.com/entrance-exam/law/slat/application,0,,0,https://www.indianexaminfo.com/entrance-exam/law/slat/application,0,n,
https://indianexaminfo.com/entrance-exam/research-fellowships/iiser-iat/application,0,,0,https://indianexaminfo.com/entrance-exam/research-fellowships/iiser-iat/application,0,n,
https://www.indianexaminfo.com/entrance-exam/medical/niper-jee/admit-card,0,,0,https://www.indianexaminfo.com/entrance-exam/medical/niper-jee/admit-card,0,n,
https://www.indianexaminfo.com/entrance-exam/research-fellowships/csir-net/application,0,,0,https://www.indianexaminfo.com/entrance-exam/research-fellowships/csir-net/application,0,n,
https://www.indianexaminfo.com/sarkari-naukri/state/andhra-pradesh,0,,0,https://www.indianexaminfo.com/sarkari-naukri/state/andhra-pradesh,0,n,
https://www.indianexaminfo.com/entrance-exam/university-entrance/christ-cuet/notification,0,,0,https://www.indianexaminfo.com/entrance-exam/university-entrance/christ-cuet/notification,0,n,
https://www.indianexaminfo.com/entrance-exam/university-entrance/met-manipal/admit-card,0,,0,https://www.indianexaminfo.com/entrance-exam/university-entrance/met-manipal/admit-card,0,n,
https://www.indianexaminfo.com/entrance-exam/defence-entrance/afcat/admit-card,0,,0,https://www.indianexaminfo.com/entrance-exam/defence-entrance/afcat/admit-card,0,n,
https://www.indianexaminfo.com/entrance-exam/management/ipmat-indore/syllabus,0,,0,https://www.indianexaminfo.com/entrance-exam/management/ipmat-indore/syllabus,0,n,
