query,clicks,impressions,ctr,position
108 ambulance driver vacancy in uttar pradesh,9,47,0.1915,3.13
108 ambulance driver vacancy 2026,8,100,0.08,4.93
ambulance vacancy 2026,7,45,0.1556,2.87
bihar govt job,6,257,0.0233,5.49
exams info india,5,1142,0.0044,5.73
108 एम्बुलेंस ड्राइवर भर्ती 2026,5,66,0.0758,5.67
up ambulance vacancy 2026,5,41,0.122,3.2
ambulance bharti 2026,5,32,0.1562,4.56
bihar govt job vacancy 2026,4,103,0.0388,6.31
108 ambulance driver vacancy,4,68,0.0588,5.63
bihar govt job vacancy,4,45,0.0889,5.71
rajasthan radiographer vacancy 2026,4,22,0.1818,4.05
ambulance bharti 2026 last date,4,13,0.3077,4.08
सफाई कर्मचारी भर्ती,3,160,0.0188,6.16
मनरेगा जॉब इन बिहार,3,144,0.0208,5.41
राजस्थान में नई वैकेंसी 2026,3,38,0.0789,6.45
anganwadi bharti,3,29,0.1034,5.83
new job vacancy 2026,3,14,0.2143,6.79
सफाई कर्मचारी भर्ती 2026 up,3,13,0.2308,1.0
ambulance driver job,3,10,0.3,3.2
सरकारी जॉब यूपी,3,3,1.0,1.0
anganwadi bharti 2026 gujarat,2,243,0.0082,7.79
exam info india,2,222,0.009,5.15
sarkari job west bengal,2,134,0.0149,5.58
sarkari naukri west bengal,2,66,0.0303,5.39
bihar new vacancy 2026,2,60,0.0333,6.1
anganwadi recruitment 2026 gujarat,2,57,0.0351,8.25
postman vacancy 2026,2,48,0.0417,4.35
ambulance driver vacancy in up,2,41,0.0488,6.07
examinfo india,2,27,0.0741,5.89
108 ambulance vacancy 2026,2,21,0.0952,4.24
radiographer vacancy in government 2026,2,19,0.1053,2.84
up ambulance driver vacancy 2026,2,19,0.1053,2.95
government radiographer vacancy,2,14,0.1429,2.14
सुपरवाइजर वैकेंसी 2026,2,10,0.2,7.8
up sarkari naukri,2,6,0.3333,5.0
chhattisgarh recruitment 2026,2,4,0.5,2.75
govt ambulance driver job,2,3,0.6667,2.0
स्वास्थ्य विभाग में वार्ड बॉय की भर्ती 2026 up,2,3,0.6667,3.0
vacancy 2026,2,2,1.0,1.0
ग्राम पंचायत सहायक भर्ती 2026,1,114,0.0088,5.32
anganwadi bharti 2026 gujarat vacancy,1,101,0.0099,6.5
anganwadi vacancy 2026 uttarakhand,1,86,0.0116,9.42
raipur vacancy 2026,1,72,0.0139,5.76
108 102 ambulance vacancy up 2026,1,61,0.0164,8.03
govt job vacancy 2026 rajasthan,1,54,0.0185,5.72
बिहार गवर्नमेंट जॉब,1,50,0.02,3.5
nhm raipur recruitment,1,43,0.0233,4.07
ambulance driver bharti 2026,1,38,0.0263,6.16
up vacancy 2026,1,36,0.0278,8.36
cg gov in raipur vacancy 2026,1,34,0.0294,3.53
पंचायत सहायक भर्ती 2026,1,31,0.0323,4.0
सरकारी ड्राइवर भर्ती 2026 up,1,30,0.0333,4.27
sarkari naukri rajasthan,1,26,0.0385,8.15
sarkari job bihar,1,25,0.04,6.12
anganwadi job vacancy,1,23,0.0435,3.13
latest govt jobs in bihar,1,23,0.0435,4.52
govt jobs in bihar,1,23,0.0435,4.96
exam information,1,22,0.0455,16.73
raipur recruitment,1,21,0.0476,3.9
108 ambulance vacancy in up,1,21,0.0476,5.43
sarkari vacancy 2026 up,1,21,0.0476,11.48
पीडब्ल्यूडी भर्ती 2026,1,20,0.05,3.1
anganwadi jobs 2026,1,19,0.0526,4.37
tamil nadu job vacancy 2026,1,19,0.0526,5.05
india exam info,1,18,0.0556,3.22
new bharti gujarat,1,17,0.0588,5.41
आंगनवाड़ी भर्ती,1,17,0.0588,10.41
rajasthan radiographer vacancy,1,15,0.0667,2.73
मनरेगा रोजगार,1,15,0.0667,3.73
new job vacancy in bihar 2026,1,15,0.0667,4.33
सफाई कर्मी की नौकरी,1,15,0.0667,4.67
sarkari naukri cg job vacancy 2026,1,15,0.0667,5.27
wb vacancy 2026,1,15,0.0667,5.67
rajasthan sarkari job,1,15,0.0667,8.47
mp mahila supervisor vacancy 2026,1,13,0.0769,3.23
sarkari ambulance driver vacancy,1,13,0.0769,5.08
रोजगार सेवक भर्ती,1,13,0.0769,6.23
अप सफाई कर्मचारी भर्ती,1,12,0.0833,4.17
आंगनवाड़ी भर्ती 2026,1,11,0.0909,5.36
icds jobs,1,11,0.0909,6.91
नगर निगम में वैकेंसी,1,10,0.1,2.7
rajasthan govt vacancy,1,10,0.1,6.1
sarkari vacancy 2026 rajasthan,1,10,0.1,6.3
bihar govt vacancy 2026,1,10,0.1,7.2
बिहार वैकेंसी 2026,1,9,0.1111,3.33
up सफाई कर्मचारी भर्ती 2026,1,9,0.1111,4.22
tn job recruitment 2026,1,9,0.1111,5.33
sarkari naukri in bihar,1,9,0.1111,7.78
radiographer vacancy 2026 rajasthan,1,8,0.125,3.12
sarkari naukri in west bengal,1,8,0.125,4.0
नगर निगम में वैकेंसी 2026,1,8,0.125,4.62
sarkari naukri cg,1,8,0.125,5.38
108 एम्बुलेंस ड्राइवर भर्ती up,1,8,0.125,6.38
wcd gujarat anganwadi latest recruitment 2026,1,8,0.125,10.25
tamilnadu jobs 2026,1,7,0.1429,4.0
rajasthan 12 pass vacancy 2026,1,7,0.1429,4.14
gds vacancy 2026,1,7,0.1429,6.14
panchayat job vacancy,1,6,0.1667,3.17
recent govt jobs recruitment 2026,1,6,0.1667,3.5
west bengal vacancy 2026,1,6,0.1667,3.5
govt job vacancy 2026,1,6,0.1667,4.0
bihar sarkari naukri,1,6,0.1667,11.5
asha job,1,5,0.2,2.8
govt radiographer vacancy 2026,1,5,0.2,3.0
ambulance driver jobs,1,5,0.2,3.2
ambulance driver recruitment 2026,1,5,0.2,3.8
sarkari naukri up safai karmchari,1,5,0.2,4.4
new job vacancy 2026 west bengal,1,5,0.2,5.0
wb govt job 2026,1,5,0.2,8.0
bihar sarkari naukri 2026,1,5,0.2,11.4
गवर्नमेंट हॉस्पिटल डिपार्टमेंट गवर्नमेंट इन न्यू रिक्रूटमेंट 2026,1,4,0.25,2.25
driver vacancy in government,1,4,0.25,4.25
tamilnadu job vacancy 2026,1,4,0.25,4.75
उत्तराखंड जॉब वैकेंसी 2026,1,4,0.25,4.75
asha worker bharti 2026 up,1,4,0.25,7.75
ambulance driving job,1,3,0.3333,1.67
government hospital job vacancy,1,3,0.3333,2.0
up asha vacancy 2026 notification,1,3,0.3333,2.33
sarkari driver vacancy,1,3,0.3333,2.67
up mein vacancy,1,3,0.3333,3.67
ambulance job vacancy,1,3,0.3333,4.0
ahmedabad anganwadi bharti 2026 last date,1,3,0.3333,8.67
new job vacancy 2026 mp,1,3,0.3333,9.67
agniveer,1,2,0.5,1.0
anganwadi vacancy 2026,1,2,0.5,1.0
gram panchayat recruitment 2026,1,2,0.5,1.0
mp gramin dak sevak bharti 2026,1,2,0.5,1.0
panchayat recruitment 2026,1,2,0.5,1.0
anganwadi vacancy 2026 last date,1,2,0.5,2.0
anganwadi worker job vacancy,1,2,0.5,2.0
government ambulance driver vacancy near me,1,2,0.5,2.0
job recruitment 2026,1,2,0.5,2.0
anganvadi jobs,1,2,0.5,2.5
108 ambulance driver job,1,2,0.5,3.5
govt jobs recruitment 2026,1,2,0.5,3.5
tamil nadu recruitment 2026,1,2,0.5,3.5
sarkari bihar vacancy,1,2,0.5,4.0
vacancy 2026 in mp,1,2,0.5,5.0
driver job,1,2,0.5,7.0
latest govt jobs in uttarakhand 2026,1,2,0.5,10.0
mp sarkari naukri,1,2,0.5,10.0
2026 job vacancy in west bengal,1,1,1.0,1.0
aganvadi bharti,1,1,1.0,1.0
anganwadi bharti gujarat,1,1,1.0,1.0
date,1,1,1.0,1.0
defence forces jobs,1,1,1.0,1.0
gram panchayat recruitment 2026 registration,1,1,1.0,1.0
indian army,1,1,1.0,1.0
job vacancy rajasthan 2026,1,1,1.0,1.0
latest govt jobs in uttarakhand,1,1,1.0,1.0
latest vacancy 2026,1,1,1.0,1.0
mppeb vacancy 2026 notification,1,1,1.0,1.0
municipal corporation recruitment 2026,1,1,1.0,1.0
nrega job card,1,1,1.0,1.0
panchayat recruitment 2026 west bengal,1,1,1.0,1.0
post office vacancy mp 2026,1,1,1.0,1.0
rajasthan sarkari vacancy 2026,1,1,1.0,1.0
safai karamchari vacancy 2026 uttar pradesh,1,1,1.0,1.0
safai karmi bharti 2026,1,1,1.0,1.0
salary salary,1,1,1.0,1.0
sarkari naukri bihar 2026,1,1,1.0,1.0
sarkari vacancy bihar 2026,1,1,1.0,1.0
uk anganwadi bharti,1,1,1.0,1.0
uttarakhand anganwadi bharti,1,1,1.0,1.0
उत्तराखंड आंगनवाड़ी भर्ती 2026,1,1,1.0,1.0
नगर निगम में जॉब कैसे पाए,1,1,1.0,1.0
पुलिस वैकेंसी 2026,1,1,1.0,1.0
बिहार में जॉब वैकेंसी,1,1,1.0,1.0
यूपी में भर्ती,1,1,1.0,1.0
सरकारी रोजगार 2026,1,1,1.0,1.0
bihar new bharti 2026,1,1,1.0,4.0
yesup,1,1,1.0,5.0
icds gujarat recruitment,1,1,1.0,8.0
aganbari uk 2026 vacancy,1,1,1.0,10.0
bihar portal job,0,184,0.0,4.3
सफाई कर्मी जॉब्स,0,127,0.0,5.56
bihar sarkari job,0,99,0.0,7.56
ग्राम पंचायत सहायक भर्ती,0,88,0.0,3.73
anganwadi recruitment 2026 in tamil nadu,0,85,0.0,9.45
पंचायत सहायक भारती 2026,0,81,0.0,4.48
gate syllabus,0,74,0.0,65.74
जीडीएस वैकेंसी 2026,0,73,0.0,4.84
tn jobs 2026,0,71,0.0,3.73
mh cet law admit card science and education,0,62,0.0,25.45
rajasthan govt job,0,59,0.0,5.61
sarkari job rajasthan,0,52,0.0,6.5
ग्रामपंचायत सहाय्यक भरती,0,49,0.0,8.14
पीडब्ल्यूडी रिक्ति 2026,0,48,0.0,4.21
mh cet law exam date 2026 syllabusscience and education,0,46,0.0,21.63
gate exam syllabus,0,46,0.0,75.07
up nagar nigam vacancy 2026,0,44,0.0,6.45
answer key,0,38,0.0,83.37
radiographer vacancy 2026,0,37,0.0,2.62
west bengal sarkari job,0,36,0.0,5.97
gram panchayat jobs,0,35,0.0,4.97
सफाई कर्मचारी की भर्ती,0,34,0.0,5.56
anganwadi result 2026 uttarakhand,0,34,0.0,10.62
mh cet law official websitescience and education,0,34,0.0,19.47
cet law previous year question paper science and education,0,34,0.0,22.5
सफाई कर्मी भर्ती,0,33,0.0,4.52
mp vacancy 2026,0,33,0.0,7.97
108 driver vacancy 2026,0,32,0.0,5.25
radiographer grade pay in rajasthan,0,32,0.0,8.97
sarkari naukri,0,32,0.0,16.03
mh cet law exam date 2026 for 5 yearsscience and education,0,32,0.0,17.56
मध्य प्रदेश की न्यू वैकेंसी 2026,0,31,0.0,3.35
नगर निगम रिक्ति 2026,0,30,0.0,2.7
safai karmi bharti,0,30,0.0,4.77
mh cet law 2026 exam date for 3 yearsscience and education,0,30,0.0,19.6
cet law admit card science and education,0,30,0.0,20.23
mhcet law entrance exam 2026 syllabusscience and education,0,30,0.0,22.53
panchayat job in west bengal,0,29,0.0,5.0
mht cet law 2026 registrationscience and education,0,29,0.0,19.17
mh cet law exam hall ticket science and education,0,29,0.0,22.21
law 3 year cet exam date science and education,0,29,0.0,24.86
bihar govt jobs,0,28,0.0,4.61
gram panchayat job,0,28,0.0,5.04
law cet cell science and education,0,28,0.0,24.36
mh cet 5 year law previous year paper science and education,0,28,0.0,24.75
exam info india 2026,0,27,0.0,4.78
new vacancy in rajasthan 2026,0,26,0.0,4.23
panchayat job vacancy 2026,0,26,0.0,5.46
law cet 2026 admit card science and education,0,26,0.0,24.73
radiographer salary in rajasthan,0,25,0.0,10.04
sarkari job,0,24,0.0,13.67
lawcet admit card 2026 science and education,0,24,0.0,28.58
afcat previous year paper,0,24,0.0,32.79
ctet gov.in,0,23,0.0,7.91
ग्राम पंचायत सहायक भारती 2026,0,22,0.0,4.09
sarkari ambulance driver salary,0,22,0.0,6.0
mht cet exam,0,22,0.0,78.41
sarkari jobs,0,21,0.0,9.43
ibps clerk application form,0,21,0.0,25.14
slat result 2027,0,21,0.0,64.24
clat exam date,0,21,0.0,84.76
सफ़ाई कर्मी भारती,0,20,0.0,5.15
cet llb 3 years answer key 2026 science and education,0,20,0.0,16.45
cuet christ university admit card,0,20,0.0,24.15
law cet form date 2025science and education,0,20,0.0,24.7
bihar rojgar,0,19,0.0,3.84
ग्राम पंचायत सहायक भारती,0,19,0.0,4.32
up government vacancy,0,19,0.0,4.95
krishi prayukti sahayak recruitment 2026,0,19,0.0,5.05
up government vacancy 2026,0,19,0.0,5.95
उत्तराखंड वैकेंसी 2026,0,19,0.0,6.53
10 pass bharti gujarat 2026,0,19,0.0,7.05
uttarakhand anganwadi merit list 2026,0,19,0.0,10.26
llb cet answer key 2026 science and education,0,19,0.0,15.84
cet law hall ticket 2026science and education,0,19,0.0,25.32
cds notification,0,19,0.0,90.79
108 ambulance driver salary in up,0,18,0.0,3.0
नगर निगम जॉब,0,18,0.0,5.17
exams info indian.com,0,18,0.0,5.78
government bharti 2026 gujarat,0,18,0.0,6.22
bihar govt vacancy,0,18,0.0,6.44
sarkari naukri up,0,18,0.0,7.89
law llb 3 years cet exam date science and education,0,18,0.0,26.83
बिहार गवर्नमेंट जॉब वैकेंसी,0,17,0.0,3.35
एनएचएम वैकेंसी 2026 यूपी,0,17,0.0,3.82
स्वास्थ्य विभाग में वैकेंसी,0,17,0.0,4.59
जीडीएस भर्ती 2026,0,17,0.0,4.76
up nigam vacancy,0,17,0.0,5.76
ctet exam fees for general category,0,17,0.0,10.18
ibps clerk apply online,0,17,0.0,21.82
mh cet law admit card 2026 science and education,0,17,0.0,26.47
law 5 year cet exam date science and education,0,17,0.0,28.59
ibps clerk form,0,17,0.0,31.35
cds recruitment,0,17,0.0,43.06
ssc cgl,0,17,0.0,80.29
cg recruitment 2026,0,16,0.0,5.31
ambulance ki bharti 2026,0,16,0.0,6.0
pwd jobs,0,16,0.0,6.25
postal jobs 2026,0,16,0.0,6.94
bihar sarkari job vacancy 2026,0,16,0.0,7.19
mah-llb (5-years) cet-2026 science and education,0,16,0.0,28.62
radiographer vacancy in rajasthan,0,15,0.0,2.67
108 ambulance job vacancy 2026,0,15,0.0,3.93
आंगनवाड़ी वैकेंसी 2026,0,15,0.0,8.07
gujarat anganwadi bharti 2026,0,15,0.0,9.27
mht cet law answer key 2026 science and education,0,15,0.0,15.33
radiography vacancy 2026,0,14,0.0,3.43
radiographer vacancy in rajasthan government,0,14,0.0,3.86
बिहार में वैकेंसी 2026,0,14,0.0,3.93
mp bharti 2026,0,14,0.0,4.79
महिला सुपरवाइजर की वैकेंसी,0,14,0.0,4.93
driver jobs government,0,14,0.0,5.0
rajasthan government vacancy,0,14,0.0,5.07
exam.info.india,0,14,0.0,5.57
up health department vacancy,0,14,0.0,5.57
ambulance driver job apply online,0,14,0.0,5.64
new bharti 2026 up,0,14,0.0,7.21
exams info india recruitment 2026,0,14,0.0,7.93
mh cet law previous year question paperscience and education,0,14,0.0,22.71
mh cet law previous year question paper science and education,0,14,0.0,27.93
mh cet law 2026 registration science and education,0,14,0.0,28.0
ctet exam date 2026,0,14,0.0,37.57
vacancy in gram panchayat,0,13,0.0,2.62
nrega bihar job card,0,13,0.0,3.54
up government jobs vacancy 2026,0,13,0.0,5.31
bihar govt job 2026,0,13,0.0,5.85
sarkari bharti,0,13,0.0,10.08
llb cet 2026 answer key science and education,0,13,0.0,15.69
cbse latest news for class 12,0,13,0.0,22.77
llb cet entrance exam 2026 science and education,0,13,0.0,27.23
mh law cet 2026 science and education,0,13,0.0,28.38
mht cet law 2026 science and education,0,13,0.0,28.46
ctet,0,13,0.0,54.38
आंगनवाड़ी न्यू भारती,0,12,0.0,2.67
news job vacancy 2026,0,12,0.0,3.17
rozgar job,0,12,0.0,4.33
latest govt jobs in rajasthan 2026,0,12,0.0,5.5
सफाई कर्मचारी भर्ती up,0,12,0.0,5.58
gram panchayat job vacancy 2026,0,12,0.0,5.92
rajasthan radiographer salary,0,12,0.0,6.33
latest entrance exam notification 2026,0,12,0.0,6.58
rajasthan new vacancy 2026,0,12,0.0,7.42
bihar sarkari vacancy 2026,0,12,0.0,9.08
tamil nadu anganwadi recruitment 2026,0,12,0.0,9.58
anganwadi merit list 2026 uttarakhand,0,12,0.0,9.75
cet llb answer key 2026 science and education,0,12,0.0,15.25
ssc cgl notification,0,12,0.0,46.58
आगणवाडी भरती 2026 ahmedabad,0,11,0.0,2.36
up ambulance bharti 2026,0,11,0.0,2.73
driver vacancy in government 2026,0,11,0.0,3.55
job news west bengal,0,11,0.0,5.36
govt job in bihar,0,11,0.0,5.55
agniveer government job,0,11,0.0,6.0
panchayat vacancy in west bengal,0,11,0.0,6.73
up bharti 2026,0,11,0.0,7.09
west bengal govt job vacancy 2026 panchayat,0,11,0.0,8.64
cg vacancy 2026,0,11,0.0,9.36
is intermediate class 12,0,11,0.0,10.73
wb govt job recruitment 2026,0,11,0.0,10.73
bihar vacancy 2026,0,11,0.0,12.09
mht cet 3 year llb 2026 answer key science and education,0,11,0.0,18.36
mh cet llb 3 years 2026 answer key science and education,0,11,0.0,19.91
ts lawcet admit card,0,11,0.0,23.73
mh cet llb exam date 2026 science and education,0,11,0.0,26.36
mh cet law registration date 2026science and education,0,11,0.0,26.45
mhcet law answer key 2026science and education,0,11,0.0,27.18
lawcet admit card science and education,0,11,0.0,27.73
108 driver vacancy,0,10,0.0,4.2
railway group d jobs,0,10,0.0,4.2
gram panchayat vacancy,0,10,0.0,4.8
बिहार job portal,0,10,0.0,4.9
bihar all job,0,10,0.0,5.4
sarkari bharti 2026 gujarat,0,10,0.0,5.9
nagar palika vacancy 2026 up,0,10,0.0,6.6
tn anganwadi recruitment 2026,0,10,0.0,7.0
gujarat anganwadi bharti 2026 last date,0,10,0.0,10.2
common entrance test 2026,0,10,0.0,10.4
आंगनवाड़ी रिक्ति 2026,0,10,0.0,11.2
klee admit card,0,10,0.0,16.7
mhcet 5 year llb answer key 2026science and education,0,10,0.0,24.9
mh cet law exam date 2026 registration science and education,0,10,0.0,25.2
llb mh cet exam date 2026science and education,0,10,0.0,27.3
नगर निगम सफाई कर्मचारी भर्ती,0,9,0.0,2.56
nhm vacancy in chhattisgarh,0,9,0.0,2.78
सफाई कर्मचारी भर्ती यूपी,0,9,0.0,3.67
gram panchayat vacancies,0,9,0.0,3.89
all updates vacancy,0,9,0.0,4.22
all update vacancy,0,9,0.0,4.67
safaikarmi bharti,0,9,0.0,4.67
asha worker vacancy,0,9,0.0,5.11
bihar rojgar news,0,9,0.0,5.22
ssc peon recruitment 2026,0,9,0.0,5.67
class 12 pass government job vacancy 2026,0,9,0.0,5.89
job news in west bengal,0,9,0.0,6.0
sarkari vacancy 2026 bihar,0,9,0.0,7.11
सरकारी सफाई कर्मचारी भर्ती,0,9,0.0,7.44
up sarkari vacancy 2026,0,9,0.0,15.44
ibps,0,9,0.0,16.11
mh cet 3 year llb answer key 2026science and education,0,9,0.0,23.78
mht cet law entrance exam date 2026science and education,0,9,0.0,28.44
cbse class 12,0,9,0.0,55.67
clat 2025 exam date,0,9,0.0,76.22
ssc cgl vacancy,0,9,0.0,81.0
raipur govt job,0,8,0.0,2.12
bihar mgnrega job,0,8,0.0,2.38
jharkhand home guard vacancy 2026,0,8,0.0,3.0
bihar nrega job card,0,8,0.0,3.5
लेखपाल जॉब,0,8,0.0,3.5
news vacancy 2026,0,8,0.0,3.62
नगर निगम भर्ती 2026,0,8,0.0,4.0
उत्तर प्रदेश नगर निगम भर्ती,0,8,0.0,4.5
भर्ती 2026 राजस्थान,0,8,0.0,4.5
icds job vacancy,0,8,0.0,4.62
jobs update,0,8,0.0,4.62
mp anganwadi vacancy 2026 list,0,8,0.0,4.62
vacancy 2026 cg government,0,8,0.0,4.62
जीडीएस न्यू वैकेंसी 2026,0,8,0.0,5.0
बिहार में न्यू वैकेंसी 2026,0,8,0.0,5.0
employment news bihar,0,8,0.0,5.12
govt job bihar,0,8,0.0,5.38
sarkari driver ki bharti,0,8,0.0,5.5
bihar job portal 2026,0,8,0.0,5.75
wb sarkari job,0,8,0.0,5.75
upcoming govt jobs in rajasthan,0,8,0.0,6.12
bihar sarkar job 2026,0,8,0.0,6.25
job vacancy 2026 west bengal,0,8,0.0,6.62
how to apply asha worker job,0,8,0.0,7.25
asha bharti 2026 up,0,8,0.0,7.62
indian army engineer recruitment 2026,0,8,0.0,7.62
assistant radiographer vacancy in rajasthan 2026,0,8,0.0,8.38
pwd job,0,8,0.0,9.12
anganwadi vacancy 2026 uttarakhand result,0,8,0.0,9.62
indiaexaminfo,0,8,0.0,9.88
tifr gs admit card,0,8,0.0,11.25
cuet christ university result,0,8,0.0,18.12
afcat papers,0,8,0.0,20.12
law mht cet science and education,0,8,0.0,28.25
llb cet 2026 exam date science and education,0,8,0.0,29.0
apply for gmat,0,8,0.0,87.5
asha worker notification 2026,0,7,0.0,1.0
police and defence job,0,7,0.0,2.71
raipur recruitment 2026,0,7,0.0,3.14
panchayat jobs in west bengal,0,7,0.0,3.43
panchayat job,0,7,0.0,3.86
यूपी न्यू वैकेंसी 2026,0,7,0.0,3.86
यूपी एनएचएम 2026 वैकेंसी,0,7,0.0,4.0
लेखपाल भर्ती,0,7,0.0,4.0
exams info india 2026,0,7,0.0,4.29
उत्तर प्रदेश सफाई कर्मचारी वैकेंसी,0,7,0.0,4.43
नगर निगम भर्ती,0,7,0.0,4.43
यूपी सफाई कर्मचारी वैकेंसी 2026,0,7,0.0,4.43
bihar sarkar job,0,7,0.0,5.0
bihar sarkari job 2026,0,7,0.0,5.0
sarkari new job,0,7,0.0,5.0
ambulance driver vacancy 2026,0,7,0.0,5.14
latest govt vacancy in rajasthan,0,7,0.0,5.29
ambulance driver bharti,0,7,0.0,5.43
tn job vacancy 2026,0,7,0.0,5.43
radiographer salary in rajasthan govt,0,7,0.0,5.57
sarkari job in uttarakhand,0,7,0.0,5.57
intermediate class 12,0,7,0.0,7.43
anganwadi vacancy 2026 uttarakhand merit list,0,7,0.0,9.0
cbse class 12 notification,0,7,0.0,9.29
uttarakhand anganwadi vacancy 2026 result,0,7,0.0,10.0
new sarkari vacancy 2026,0,7,0.0,13.14
ctet apply,0,7,0.0,21.43
examinfo,0,7,0.0,23.29
ts lawcet admit card 2026,0,7,0.0,25.14
law mh cet science and education,0,7,0.0,25.86
mh cet law hall ticket 2026science and education,0,7,0.0,26.14
mah llb cet 2026 science and education,0,7,0.0,27.29
lawcet exam date 2026 maharashtra science and education,0,7,0.0,28.43
llb cet data science and education,0,7,0.0,28.57
mh cet law admit card 2026science and education,0,7,0.0,28.86
mh cet law 2026 science and education,0,7,0.0,29.43
law cet syllabus in marathiscience and education,0,7,0.0,29.86
ctet exam date,0,7,0.0,35.86
ctet apply online,0,7,0.0,37.86
afcat previous year question paper,0,7,0.0,38.71
rrb alp,0,7,0.0,45.43
cbse 12th exam,0,7,0.0,45.86
sarkari naukri 2022,0,7,0.0,57.57
indian army agniveer recruitment,0,7,0.0,58.14
cbse answer book 2026 class 12,0,7,0.0,60.43
up b ed,0,7,0.0,78.43
ctet notification,0,7,0.0,86.29
clat exam,0,7,0.0,98.29
चपरासी वैकेंसी 2026,0,6,0.0,1.33
job vacancy 2026,0,6,0.0,2.33
radiographer vacancy,0,6,0.0,3.0
job bihar portal,0,6,0.0,3.33
grampanchayat jobs,0,6,0.0,3.5
nhm raipur recruitment 2026,0,6,0.0,3.67
gram panchayat job vacancy,0,6,0.0,4.0
सरकारी नौकरी सफाई कर्मचारी,0,6,0.0,4.0
ग्राम रोजगार सहायक,0,6,0.0,4.17
उत्तर प्रदेश में सफाई कर्मचारी भर्ती,0,6,0.0,4.5
नगर निगम भारती 2026,0,6,0.0,4.67
sarkari hospital me ambulance driver vacancy,0,6,0.0,5.0
ग्रामपंचायत vacancy 2026,0,6,0.0,5.0
up job,0,6,0.0,5.17
chhattisgarh new vacancy 2026,0,6,0.0,5.83
sarkari vacancy 2026,0,6,0.0,5.83
सफाई कर्मी नौकरी,0,6,0.0,5.83
west bengal job vacancy 2026,0,6,0.0,6.17
upcoming govt job vacancy 2026,0,6,0.0,6.33
sarkari job bihar 2026,0,6,0.0,6.5
up health department vacancy 2026,0,6,0.0,6.83
wb panchayat job,0,6,0.0,7.0
sarkari job 2026,0,6,0.0,7.33
up asha bharti 2026,0,6,0.0,7.5
upcoming bihar govt jobs,0,6,0.0,7.83
anganwadi bharti 2026 in gujarat,0,6,0.0,8.17
यूपी सफाई कर्मचारी भर्ती,0,6,0.0,8.5
anganwadi bharti gujarat 2026,0,6,0.0,9.17
sarkari bharti 2026,0,6,0.0,9.83
sarkari exam,0,6,0.0,11.0
rajasthan latest sarkari job,0,6,0.0,12.0
mh law cet previous year question papers pdfscience and education,0,6,0.0,17.33
mht cet llb 3 years answer key 2026 science and education,0,6,0.0,17.83
mh cet law 5 years answer keyscience and education,0,6,0.0,21.83
wud aptitude test pattern,0,6,0.0,21.83
ts lawcet 2026 admit card,0,6,0.0,25.67
mh cet llb registration 2026science and education,0,6,0.0,27.5
mh cet law cut offscience and education,0,6,0.0,28.17
cat llb exam date 2026 science and education,0,6,0.0,29.5
cbse class 12 board exams,0,6,0.0,32.17
upsc cds,0,6,0.0,40.33
cbse answer key 2026,0,6,0.0,40.5
uk anganwadi vacancy,0,6,0.0,41.83
cbse answer key,0,6,0.0,51.67
exam results info,0,6,0.0,57.5
rrb alp apply online,0,6,0.0,63.0
cds exam notification,0,6,0.0,65.5
up b ed jee 2025,0,6,0.0,70.33
syllabus of sebi grade a,0,6,0.0,77.83
rrb alp recruitment,0,6,0.0,79.83
ctet recruitment,0,6,0.0,88.5
ha,0,5,0.0,1.8
panchayat assistant job,0,5,0.0,2.0
anganwadi recruitment 2026 in tamil nadu last date,0,5,0.0,3.0
nagar nigam job vacancy 2026,0,5,0.0,3.4
sarkari job safai karmchari,0,5,0.0,3.4
आंगनवाड़ी सहायिका की भर्ती,0,5,0.0,3.6
यूपी एनएचएम वैकेंसी 2026,0,5,0.0,3.8
nagar nigam bharti up 2026,0,5,0.0,4.0
panchayat jobs,0,5,0.0,4.0
tn jobs recruitment 2026,0,5,0.0,4.0
2026 mein new vacancy,0,5,0.0,4.6
up safai karmchari bharti,0,5,0.0,4.6
bihar news vacancy 2026,0,5,0.0,5.0
defence job,0,5,0.0,5.0
bihar.govt.job,0,5,0.0,5.2
job portal bihar,0,5,0.0,5.4
safai karmi vacancy in up,0,5,0.0,5.4
asha worker jobs,0,5,0.0,5.6
pwd department jobs,0,5,0.0,5.6
up safai karmi job,0,5,0.0,6.0
bihar employment news,0,5,0.0,6.2
wb job vacancy 2026,0,5,0.0,6.8
west bengal new job vacancy 2026,0,5,0.0,6.8
sarkari naukri driver 2026,0,5,0.0,7.0
panchayat vacancy west bengal,0,5,0.0,7.2
safai karmchari job 2026,0,5,0.0,7.2
radiography job vacancy,0,5,0.0,8.2
anganwadi vacancy 2026 tamilnadu,0,5,0.0,8.4
anganwadi recruitment,0,5,0.0,8.6
anganwadi bharti 2026 gujarat online apply date near ahmedabad,0,5,0.0,9.4
anganwadi vacancy gujarat 2026,0,5,0.0,9.6
gujarat anganwadi recruitment 2026,0,5,0.0,10.0
assistant radiographer salary in rajasthan,0,5,0.0,10.4
irmasat registration,0,5,0.0,13.0
bihar bharti 2026,0,5,0.0,13.4
up government jobs,0,5,0.0,15.0
https //ctet.nic.in 2026,0,5,0.0,16.6
mp sarkari vacancy 2026,0,5,0.0,16.6
pearl academy entrance exam 2026 syllabus,0,5,0.0,17.0
up board exam answer sheet,0,5,0.0,17.0
cbse class 12 answer key 2026,0,5,0.0,20.0
fddi aist admit card,0,5,0.0,21.2
law cet form date 2026science and education,0,5,0.0,22.2
ts lawcet 2026 hall ticket,0,5,0.0,23.0
ts lawcet 2026 hall ticket download,0,5,0.0,23.4
klee answer key,0,5,0.0,23.8
mh cet law exam date 2026 5 years science and education,0,5,0.0,24.2
mh cet law exam date 2026science and education,0,5,0.0,24.8
mh cet law 5 year answer keyscience and education,0,5,0.0,25.8
ctet last date to apply 2026,0,5,0.0,27.2
clat 2026 exam date,0,5,0.0,27.4
cet llb answer key 2026science and education,0,5,0.0,28.2
cds 2026,0,5,0.0,29.6
entrance exams notifications,0,5,0.0,29.8
last date of llb cet 2026 science and education,0,5,0.0,30.0
mht cet 2021 exam date,0,5,0.0,31.6
rrb ntpc notification,0,5,0.0,35.6
ctet apply online 2026,0,5,0.0,38.4
12 board exam date 2026,0,5,0.0,42.8
cbse exam class 12,0,5,0.0,44.2
cds 1 2026 notification,0,5,0.0,54.2
exams result info,0,5,0.0,62.0
gate syllabus 2025,0,5,0.0,69.2
clat information,0,5,0.0,77.0
entrance exam 2024,0,5,0.0,77.4
clat exam date 2024,0,5,0.0,85.6
clat 2024 exam date,0,5,0.0,85.8
sarkari job 2021,0,5,0.0,86.8
up b.ed form 2025 last date,0,5,0.0,89.8
nmat mock test,0,5,0.0,90.0
clat notification,0,5,0.0,90.8
cgl notification 2026,0,5,0.0,91.0
rrb je eligibility,0,5,0.0,97.8
anganwadi bharti 2026 gujarat pdf,0,4,0.0,1.0
asha worker job notification 2026,0,4,0.0,1.0
mgnrega,0,4,0.0,1.0
up nhm vacancy 2026,0,4,0.0,1.0
सफाई कर्मचारी भर्ती up 2026,0,4,0.0,1.0
12 pass vacancy 2026 rajasthan,0,4,0.0,2.0
rajasthan me 12 pass vacancy 2026,0,4,0.0,2.0
up,0,4,0.0,2.0
न्यू वैकेंसी इन बिहार गवर्नमेंट 2026,0,4,0.0,3.0
radiographer vacancy government,0,4,0.0,3.25
राजस्थान की नई वैकेंसी 2026,0,4,0.0,3.25
लेखपाल की भर्ती,0,4,0.0,3.25
anganwadi jobs in tamilnadu,0,4,0.0,4.0
sarkari driver bharti 2026,0,4,0.0,4.0
latest new vacancy,0,4,0.0,4.25
safai karmchari government job,0,4,0.0,4.25
bihar govt. jobs,0,4,0.0,4.5
health department vacancy in up,0,4,0.0,4.5
govt jobs 2026,0,4,0.0,4.75
new bharti sarkari,0,4,0.0,4.75
panchayat job west bengal,0,4,0.0,4.75
बिहार जॉब पोर्टल 2026,0,4,0.0,4.75
sarkari naukri safai karmchari,0,4,0.0,5.0
आंगनवाड़ी में भर्ती,0,4,0.0,5.0
चपरासी की नौकरी,0,4,0.0,5.0
12 pass bharti 2026 gujarat,0,4,0.0,5.25
anganwadi jobs tamilnadu,0,4,0.0,5.25
bihar rojgar sevak vacancy 2026,0,4,0.0,5.25
driver job government,0,4,0.0,5.25
sarkari vacancy new,0,4,0.0,5.25
anganwadi jobs,0,4,0.0,5.5
nagar nikay vacancy 2026,0,4,0.0,5.5
raipur bharti 2026,0,4,0.0,5.5
bihar sarkari job vacancy,0,4,0.0,5.75
government driver job,0,4,0.0,5.75
sarkari naukari safai karmchari,0,4,0.0,5.75
लेखपाल वैकेंसी 2026,0,4,0.0,5.75
सफाई कर्मी जॉब्स 2026,0,4,0.0,5.75
bihar job news,0,4,0.0,6.0
cg jobs 2026,0,4,0.0,6.0
108 ambulance job vacancy,0,4,0.0,6.25
govt job vacancy 2026 in rajasthan,0,4,0.0,6.25
sarkari kaam job,0,4,0.0,6.25
sarkari naukri 2026,0,4,0.0,6.25
anganwadi recruitment gujarat 2026,0,4,0.0,6.75
indian army engineer recruitment,0,4,0.0,7.0
upcoming bharti gujarat 2026,0,4,0.0,7.0
nagar nigam uttar pradesh vacancy 2026,0,4,0.0,7.25
यूपी वैकेंसी 2026,0,4,0.0,7.25
लेखपाल vacancy 2026,0,4,0.0,7.25
asha worker vacancy 2026 last date,0,4,0.0,7.5
class 12 intermediate,0,4,0.0,8.0
indian postman vacancy 2026,0,4,0.0,8.0
uk anganwadi vacancy 2026,0,4,0.0,8.5
108 vacancy 2026,0,4,0.0,8.75
2026 ka new bharti,0,4,0.0,8.75
up sarkari job,0,4,0.0,9.0
pwd job vacancy,0,4,0.0,9.25
irmasat answer key,0,4,0.0,9.5
government peon job,0,4,0.0,9.75
tamilnadu anganwadi recruitment 2026 official website,0,4,0.0,9.75
12 intermediate,0,4,0.0,10.0
bihar government vacancy,0,4,0.0,10.0
rajasthan sarkari job 2026,0,4,0.0,10.25
anganwadi result uttarakhand 2026,0,4,0.0,10.5
rajasthan sarkari naukri,0,4,0.0,10.5
एंबुलेंस भर्ती लखनऊ 2026,0,4,0.0,10.5
revenue department jobs,0,4,0.0,11.0
बिहार सरकारी जॉब,0,4,0.0,12.0
irmasat admit card,0,4,0.0,14.0
vacancy 2026 rajasthan,0,4,0.0,15.0
india post gds,0,4,0.0,16.0
ts lawcet hall ticket download 2026,0,4,0.0,17.25
llb 3 years answer key 2026 science and education,0,4,0.0,18.25
mh cet llb 3 year answer key science and education,0,4,0.0,18.5
rajasthan vacancy 2026,0,4,0.0,18.5
ibps apply online,0,4,0.0,18.75
up 12th,0,4,0.0,18.75
mh cet llb 3 years answer key pdf downloadscience and education,0,4,0.0,19.5
ibps online apply,0,4,0.0,20.0
mh cet law registration science and education,0,4,0.0,20.75
ctet website,0,4,0.0,21.25
ts lawcet 2026 exam date hall ticket download,0,4,0.0,22.0
ctet official website,0,4,0.0,23.0
mht cet law answer key 2026science and education,0,4,0.0,23.0
bhu uet,0,4,0.0,23.5
mh cet law application form 2026science and education,0,4,0.0,23.5
lawcet hall ticket 2026,0,4,0.0,25.0
ibps application,0,4,0.0,25.25
law cet previous year question paper in marathiscience and education,0,4,0.0,25.5
common entrance test maharashtra,0,4,0.0,26.0
mh cet law 3 year answer key 2026science and education,0,4,0.0,26.0
wbjee jeca exam dates,0,4,0.0,26.0
ctet fee,0,4,0.0,26.25
wbjee jeca,0,4,0.0,26.25
law cet admit card 2026,0,4,0.0,26.75
latest entrance exam notifications,0,4,0.0,27.5
jest 2026,0,4,0.0,27.75
llb cet exam date 2025science and education,0,4,0.0,28.75
cbse answer key class 12,0,4,0.0,29.0
cet law exam date science and education,0,4,0.0,29.0
ibps clerk online form,0,4,0.0,29.75
clat 2026 registration last date,0,4,0.0,30.25
ctet 2026 exam date,0,4,0.0,31.0
upsc gov in cds,0,4,0.0,40.5
up board class 12 syllabus,0,4,0.0,47.0
rrb ntpc apply,0,4,0.0,50.25
afcat question paper,0,4,0.0,50.5
entrance exam updates 2026,0,4,0.0,52.25
sarkarieducation,0,4,0.0,55.25
ctet exam date 2025,0,4,0.0,56.0
cds exam date 2022,0,4,0.0,61.0
gate 2025 syllabus,0,4,0.0,64.25
up bed official website 2026,0,4,0.0,69.5
cds exam date 2026,0,4,0.0,69.75
gate 2024 syllabus,0,4,0.0,70.75
cbse class 12th board exams,0,4,0.0,72.25
icar.nta.nic.in admit card 2021,0,4,0.0,75.5
clat 2026,0,4,0.0,77.0
ctet exam,0,4,0.0,77.0
ctet form 2026,0,4,0.0,77.75
sebi grade a phase 2 syllabus,0,4,0.0,78.25
sat syllabus,0,4,0.0,78.5
ssc exam cgl,0,4,0.0,78.5
upcoming entrance exams 2025,0,4,0.0,82.25
srmjeee,0,4,0.0,84.0
cbse revised syllabus for class 12,0,4,0.0,85.0
sarkari hindi exam,0,4,0.0,85.5
clat 2026 counselling,0,4,0.0,85.75
up b ed entrance exam date 2020,0,4,0.0,85.75
gmat paper,0,4,0.0,87.0
sat exam syllabus,0,4,0.0,88.0
up b ed jee application form 2025,0,4,0.0,88.75
up b.ed admission 2025,0,4,0.0,89.25
cgl 2026 notification,0,4,0.0,89.5
asha worker notification,0,3,0.0,1.0
safai karmi ki vacancy,0,3,0.0,1.0
up all vacancy,0,3,0.0,1.0
आंगणवाडी भरती 2026 gujarat,0,3,0.0,1.0
आंगनवाड़ी कार्यकर्ता की वैकेंसी,0,3,0.0,1.0
यूपी में सफाई कर्मचारी की भर्ती,0,3,0.0,1.0
peon govt job,0,3,0.0,1.67
108 bharti 2026,0,3,0.0,2.0
mp me supervisor ki vacancy 2026,0,3,0.0,2.0
rajasthan govt hospital vacancy,0,3,0.0,2.0
up safai karmi vacancy 2026,0,3,0.0,2.0
postman bharti 2026,0,3,0.0,2.33
rajasthan new government vacancy 2026,0,3,0.0,2.33
yes,0,3,0.0,2.33
सरकारी जॉब भर्ती anganwadi,0,3,0.0,2.33
rojgar sevak vacancy 2026,0,3,0.0,2.67
ambulance 108 vacancy,0,3,0.0,3.0
नगर निगम में भर्ती,0,3,0.0,3.0
ambulance bharti,0,3,0.0,3.33
government radiographer vacancy 2026,0,3,0.0,3.33
ड्राइवर भर्ती 2026,0,3,0.0,3.33
new bharti 2026,0,3,0.0,3.67
post main bharti 2026,0,3,0.0,3.67
up sarkari job 2026,0,3,0.0,3.67
उत्तराखंड न्यू वैकेंसी 2026,0,3,0.0,3.67
new vacancy in chhattisgarh 2026,0,3,0.0,4.0
radiographer recruitment,0,3,0.0,4.0
आंगनवाड़ी सहायक भर्ती 2026,0,3,0.0,4.0
एनएचएम रायपुर भर्ती 2026,0,3,0.0,4.0
driver sarkari job,0,3,0.0,4.33
nagar nigam vacancy,0,3,0.0,4.33
nrega bihar job card list,0,3,0.0,4.33
railway group d job,0,3,0.0,4.33
anganwadi posts,0,3,0.0,4.67
bharti job,0,3,0.0,4.67
govt.job vacancy 2026,0,3,0.0,4.67
safai karne ki bharti,0,3,0.0,4.67
sarkari job driver,0,3,0.0,4.67
tamil nadu jobs 2026,0,3,0.0,4.67
all govt job vacancy 2026,0,3,0.0,5.0
bihar new vacancy 2026 list,0,3,0.0,5.0
indian post gds recruitment 2026,0,3,0.0,5.0
job in gram panchayat,0,3,0.0,5.0
new bharti 2026 mp,0,3,0.0,5.0
supervisor job anganwadi 2026,0,3,0.0,5.0
up vacancies,0,3,0.0,5.0
आंगनवाड़ी की भर्ती,0,3,0.0,5.0
bihar sarkari vacancy,0,3,0.0,5.33
recruitment 2026 tamilnadu,0,3,0.0,5.33
tn job 2026,0,3,0.0,5.33
up jobs,0,3,0.0,5.33
पंचायत सहायक की भर्ती,0,3,0.0,5.33
bihar mein sarkari job,0,3,0.0,5.67
ctet fees for general category,0,3,0.0,5.67
govt vacancy in bihar,0,3,0.0,5.67
job notification 2026,0,3,0.0,5.67
sarkari naukri 2026 vacancy west bengal,0,3,0.0,5.67
sarkari naukri gujarat,0,3,0.0,5.67
एनएचएम यूपी वैकेंसी 2026,0,3,0.0,5.67
डाक भर्ती 2026,0,3,0.0,5.67
राजस्थान में भर्ती,0,3,0.0,5.67
लेखपाल भर्ती 2026,0,3,0.0,5.67
bihar job 2026,0,3,0.0,6.0
driver sarkari job 2026,0,3,0.0,6.0
gds vacancy 2026 in mp,0,3,0.0,6.0
gujarat anganwadi vacancy 2026,0,3,0.0,6.0
new notification for govt jobs 2026,0,3,0.0,6.0
wb job recruitment 2026,0,3,0.0,6.0
ग्राम रोजगार सहायक भर्ती 2026,0,3,0.0,6.0
सफाई कर्मी जॉब,0,3,0.0,6.0
bihar sarkar job portal,0,3,0.0,6.67
bihar update job,0,3,0.0,6.67
gds government job,0,3,0.0,6.67
govt job vacancy rajasthan,0,3,0.0,6.67
govt job vacancy without exam 2026,0,3,0.0,6.67
nagar nigam bharti,0,3,0.0,6.67
nagar nigam vacancy up 2026,0,3,0.0,6.67
recruitment 2026,0,3,0.0,6.67
safai karmchari vacancy up,0,3,0.0,6.67
west bengal sarkari job vacancy 2026,0,3,0.0,6.67
railway notification,0,3,0.0,7.0
sarkari vacancy 2026 cg,0,3,0.0,7.0
जीडीएस भर्ती,0,3,0.0,7.0
gram panchayat vacancy west bengal,0,3,0.0,7.33
postal vacancy 2026,0,3,0.0,7.33
rojgar portal bihar,0,3,0.0,7.33
anganwadi vacancy,0,3,0.0,7.67
anganwadi vacancy 2026 gujarat,0,3,0.0,7.67
ctet gov in,0,3,0.0,8.0
ctet.gov.nic,0,3,0.0,8.0
raj sarkari naukri,0,3,0.0,8.0
सरकारी भर्ती 2026,0,3,0.0,8.33
wcd uttarakhand recruitment 2026,0,3,0.0,8.67
chennai anganwadi recruitment 2026,0,3,0.0,9.0
जीडीएस वैकेंसी,0,3,0.0,9.0
एंबुलेंस भर्ती कब निकलेगी 2026 up,0,3,0.0,9.33
1033 ambulance vacancy 2026,0,3,0.0,10.0
ambulance recruitment 2026,0,3,0.0,10.0
anganwadi recruitment 2026 tamilnadu,0,3,0.0,10.0
anganwadi vacancy 2026 last date gujarat,0,3,0.0,10.33
new vacancy 2026,0,3,0.0,10.33
anganwadi bharti 2026 gujarat website,0,3,0.0,10.67
mht cet 3 year llb 2026 answer keyscience and education,0,3,0.0,10.67
rajasthan jobs 2026,0,3,0.0,11.0
एंबुलेंस भर्ती कब निकलेगी 2026,0,3,0.0,11.0
exam information india,0,3,0.0,11.67
radiographer vacancy in india,0,3,0.0,11.67
sarkari job latest,0,3,0.0,11.67
uttarakhand anganwadi vacancy 2026 official website,0,3,0.0,12.33
sarkari anganwadi bharti 2026,0,3,0.0,13.0
राजस्थान जॉब,0,3,0.0,13.0
cbse official website class 12,0,3,0.0,13.67
ts lawcet hall ticket download,0,3,0.0,14.0
mhcet 5 year llb answer keyscience and education,0,3,0.0,14.33
bihar sarkari job com,0,3,0.0,14.67
govt jobs in rajasthan,0,3,0.0,15.0
ctet registration,0,3,0.0,17.67
12th board exams,0,3,0.0,20.0
wud aptitude test syllabus,0,3,0.0,20.0
ctet 2026 notification,0,3,0.0,22.67
ctet nic in,0,3,0.0,22.67
mht cet law hall ticket 2026science and education,0,3,0.0,22.67
cet law exam form date 2026science and education,0,3,0.0,23.67
pu cet pg pattern,0,3,0.0,23.67
pearl academy admit card 2026,0,3,0.0,24.33
clat exam 2026 registration date,0,3,0.0,25.33
clat registration 2026 last date,0,3,0.0,25.33
mh cet llb 3 years notificationscience and education,0,3,0.0,25.33
law cet exam form date 2026science and education,0,3,0.0,25.67
lawcet hall ticket download,0,3,0.0,25.67
exam info,0,3,0.0,26.0
mh cet law registration date 2026 science and education,0,3,0.0,26.0
cet law exam date 2026science and education,0,3,0.0,27.0
cgl,0,3,0.0,27.0
law cet form date 2026 maharashtra science and education,0,3,0.0,27.0
class 12 date sheet 2026,0,3,0.0,27.67
ibps form fill up,0,3,0.0,28.0
mh law cet 2026 exam date science and education,0,3,0.0,28.0
examination details,0,3,0.0,28.33
mhcet law entrance exam 2026science and education,0,3,0.0,28.33
mhtcet exam,0,3,0.0,28.33
llb cet exam science and education,0,3,0.0,28.67
law cet form science and education,0,3,0.0,29.0
ibps clerk online registration,0,3,0.0,31.67
cbse 12,0,3,0.0,32.0
ntpc vacancy,0,3,0.0,35.0
mht cet,0,3,0.0,35.33
www.ctet.nic.in 2026,0,3,0.0,36.33
clat exam date 2026 registration last date,0,3,0.0,42.33
up board class 12 syllabus 2026,0,3,0.0,42.33
srmjeee result 2026,0,3,0.0,44.33
icr admit card,0,3,0.0,45.0
12th board exam date 2026,0,3,0.0,45.33
up bed jee,0,3,0.0,45.33
sarkari naukri exam,0,3,0.0,46.0
met scorecard 2026,0,3,0.0,46.67
cbse class 12 exam,0,3,0.0,48.67
nda apply online,0,3,0.0,49.33
ibps clerical apply,0,3,0.0,49.67
mht cet 2026,0,3,0.0,51.0
ctet 2026 application form date,0,3,0.0,52.0
wbjeeb nic in,0,3,0.0,52.67
sarkari vacancy 2021,0,3,0.0,55.33
upsc cds last date,0,3,0.0,55.67
met phase 2 registration last date,0,3,0.0,56.67
examsofbharat,0,3,0.0,57.33
upcoming entrance exams,0,3,0.0,58.0
rrb ntpc recruitment,0,3,0.0,59.33
cbse 12 date sheet 2026,0,3,0.0,60.33
rrb ntpc 2027 notification,0,3,0.0,60.33
cee application form 2022,0,3,0.0,65.0
cbse 12 exam,0,3,0.0,66.33
srmjeee exam,0,3,0.0,67.33
gate examination syllabus,0,3,0.0,73.0
ntpc notification 2026,0,3,0.0,74.0
clat registration 2022,0,3,0.0,74.67
ctet application form 2025,0,3,0.0,76.0
cat hall ticket 2026,0,3,0.0,77.0
delhi police result,0,3,0.0,77.0
ntpc recruitment,0,3,0.0,77.33
cbse 12 th exam,0,3,0.0,77.67
cbse board exam 2026 class 12,0,3,0.0,78.0
tancet 2015 counselling,0,3,0.0,78.33
nda admission open,0,3,0.0,79.33
ssccgl,0,3,0.0,80.33
cet exam date 2026,0,3,0.0,80.67
ipu cet 2022 admit card,0,3,0.0,80.67
gate syllabus 2024,0,3,0.0,81.0
common admission test dates,0,3,0.0,81.67
iat exam,0,3,0.0,82.67
srmjee,0,3,0.0,83.67
ssc cgl notification 2026,0,3,0.0,84.33
revised syllabus of class 12 cbse,0,3,0.0,85.0
cds exam 2026,0,3,0.0,88.0
sarkari job exam,0,3,0.0,88.33
rrb je recruitment,0,3,0.0,91.33
central universities common entrance test dates,0,3,0.0,92.67
ctet eligibility,0,3,0.0,93.33
gate 2026 syllabus,0,3,0.0,93.67
cat admit card 2026,0,3,0.0,94.33
ambulance driver government job,0,2,0.0,1.0
government ambulance driver vacancy,0,2,0.0,1.0
job sarkari,0,2,0.0,1.0
mahila supervisor vacancy 2026,0,2,0.0,1.0
mahila supervisor vacancy 2026 mp,0,2,0.0,1.0
manrega,0,2,0.0,1.0
radiography vacancy,0,2,0.0,1.0
safai karmchari,0,2,0.0,1.0
safai karmchari bharti 2026 up me,0,2,0.0,1.0
safai karmi ki bharti,0,2,0.0,1.0
sarkari result 2026 safai karmi up,0,2,0.0,1.0
sarkari result safai karmi 2026 up,0,2,0.0,1.0
आईबीपीएस क्लर्क वैकेंसी 2026,0,2,0.0,1.0
महिला सुपरवाइजर भर्ती 2026,0,2,0.0,1.0
सफाई कर्मी का भर्ती,0,2,0.0,1.0
asha work job,0,2,0.0,1.5
यूपी सफाई कर्मचारी भर्ती 2026,0,2,0.0,1.5
12 पास वैकेंसी 2026 राजस्थान,0,2,0.0,2.0
ambulance vacancy,0,2,0.0,2.0
driver job 2026,0,2,0.0,2.0
driver job vacancy in government,0,2,0.0,2.0
job vacancy in tamil nadu 2026,0,2,0.0,2.0
mp महिला सुपरवाइजर भर्ती 2026,0,2,0.0,2.0
railway job junior engineer,0,2,0.0,2.0
rajasthan group d vacancy 2026,0,2,0.0,2.0
upcoming govt jobs in uttarakhand,0,2,0.0,2.0
राजस्थान में नई वैकेंसी,0,2,0.0,2.0
सीजी महिला सुपरवाइजर वैकेंसी 2026,0,2,0.0,2.0
iti sarkari job,0,2,0.0,2.5
radiographer government vacancy 2026,0,2,0.0,2.5
राजस्थान में वैकेंसी,0,2,0.0,2.5
108 ambulance vacancy,0,2,0.0,3.0
anganwadi job mp,0,2,0.0,3.0
gds,0,2,0.0,3.0
nagar nigam job,0,2,0.0,3.0
nhm recruitment chhattisgarh,0,2,0.0,3.0
rural development job,0,2,0.0,3.0
up safai bharti,0,2,0.0,3.0
ड्राइवर भारती 2026,0,2,0.0,3.0
सफाई कर्मचारी भर्ती 2026 salary,0,2,0.0,3.0
सफाई कर्मी की भर्ती,0,2,0.0,3.0
gov job in bihar,0,2,0.0,3.5
government job result,0,2,0.0,3.5
govt hospital job vacancy,0,2,0.0,3.5
icds supervisor job,0,2,0.0,3.5
panchayat government job,0,2,0.0,3.5
radiographer vacancy in government,0,2,0.0,3.5
rajasthan,0,2,0.0,3.5
rajasthan govt vacancy 2026,0,2,0.0,3.5
सरकारी सफाई कर्मी की वैकेंसी,0,2,0.0,3.5
bihar all government job vacancy,0,2,0.0,4.0
bihar me sarkari naukri 2026,0,2,0.0,4.0
company bharti 2026,0,2,0.0,4.0
gram panchayat government job,0,2,0.0,4.0
job vacancy update,0,2,0.0,4.0
mp व्यापम भर्ती 2026,0,2,0.0,4.0
new government job vacancy 2026,0,2,0.0,4.0
new sarkari vacancy,0,2,0.0,4.0
panchayat jobs 2026,0,2,0.0,4.0
pwd rajasthan vacancy 2026,0,2,0.0,4.0
radiographer govt vacancy,0,2,0.0,4.0
railway vacancy 2026-27,0,2,0.0,4.0
sarkari naukri 2026 vacancy gujarat,0,2,0.0,4.0
sarkari naukri safai karmi 2026,0,2,0.0,4.0
swasthya vibhag bharti,0,2,0.0,4.0
tamilnadu job news,0,2,0.0,4.0
up safai karmi new vacancy,0,2,0.0,4.0
upcoming radiographer vacancy,0,2,0.0,4.0
उत्तर प्रदेश सफाई कर्मी भर्ती 2026,0,2,0.0,4.0
उत्तर प्रदेश सफाई कर्मी वैकेंसी,0,2,0.0,4.0
ग्राम पंचायत भर्ती 2026,0,2,0.0,4.0
ग्राम पंचायत वैकेंसी 2026,0,2,0.0,4.0
यूपी आंगनबाड़ी भर्ती पोर्टल,0,2,0.0,4.0
यूपी महिला सुपरवाइजर वैकेंसी 2026,0,2,0.0,4.0
राजस्थान में नई भर्ती,0,2,0.0,4.0
2026 ke new vacancy,0,2,0.0,4.5
anganwadi worker job apply online,0,2,0.0,4.5
defence army jobs,0,2,0.0,4.5
govt job vacancy 2026 without exam,0,2,0.0,4.5
