url,host,path,clicks,impressions,ctr,position
https://www.indianexaminfo.com/sarkari-naukri/up-swasthya-vibhag-ambulance-driver-2026,www,/sarkari-naukri/up-swasthya-vibhag-ambulance-driver-2026,186,2786,0.0668,4.98
https://www.indianexaminfo.com/sarkari-naukri/bihar-mgnrega-rozgar-sewak-2026,www,/sarkari-naukri/bihar-mgnrega-rozgar-sewak-2026,72,2266,0.0318,5.51
https://www.indianexaminfo.com/sarkari-naukri/rajasthan-health-dept-radiographer-2026,www,/sarkari-naukri/rajasthan-health-dept-radiographer-2026,47,1210,0.0388,5.4
https://www.indianexaminfo.com/sarkari-naukri/west-bengal-gram-panchayat-sahayak-2026,www,/sarkari-naukri/west-bengal-gram-panchayat-sahayak-2026,43,1699,0.0253,5.0
https://www.indianexaminfo.com/sarkari-naukri/gujarat-anganwadi-worker-helper-bharti-2026-ahmedabad,www,/sarkari-naukri/gujarat-anganwadi-worker-helper-bharti-2026-ahmedabad,34,1287,0.0264,6.73
https://indianexaminfo.com/sarkari-naukri/up-nagar-nigam-safai-karmi-2026-kanpur,apex,/sarkari-naukri/up-nagar-nigam-safai-karmi-2026-kanpur,31,990,0.0313,5.49
https://www.indianexaminfo.com/sarkari-naukri/up-nagar-nigam-safai-karmi-2026-lucknow,www,/sarkari-naukri/up-nagar-nigam-safai-karmi-2026-lucknow,28,1852,0.0151,5.07
https://www.indianexaminfo.com/sarkari-naukri/uttarakhand-anganwadi-bharti-2026-haridwar,www,/sarkari-naukri/uttarakhand-anganwadi-bharti-2026-haridwar,24,793,0.0303,8.27
https://www.indianexaminfo.com/sarkari-naukri/jharkhand-forest-guard-2026,www,/sarkari-naukri/jharkhand-forest-guard-2026,21,564,0.0372,6.63
https://www.indianexaminfo.com/sarkari-naukri/chhattisgarh-mitanin-asha-bharti-2026-raipur,www,/sarkari-naukri/chhattisgarh-mitanin-asha-bharti-2026-raipur,20,528,0.0379,4.98
https://www.indianexaminfo.com/sarkari-naukri/up-asha-bharti-2026-gorakhpur-division,www,/sarkari-naukri/up-asha-bharti-2026-gorakhpur-division,17,374,0.0455,5.72
https://www.indianexaminfo.com/sarkari-naukri/up-district-hospital-ward-boy-2026-gorakhpur,www,/sarkari-naukri/up-district-hospital-ward-boy-2026-gorakhpur,17,334,0.0509,5.98
https://www.indianexaminfo.com/sarkari-naukri/tamil-nadu-anganwadi-worker-2026-chennai,www,/sarkari-naukri/tamil-nadu-anganwadi-worker-2026-chennai,16,608,0.0263,6.69
https://www.indianexaminfo.com/sarkari-naukri/up-swasthya-vibhag-pharmacist-2026,www,/sarkari-naukri/up-swasthya-vibhag-pharmacist-2026,16,291,0.055,7.63
https://www.indianexaminfo.com/,www,/,15,1642,0.0091,6.63
https://www.indianexaminfo.com/sarkari-naukri/mp-gds-bharti-2026-jabalpur-division,www,/sarkari-naukri/mp-gds-bharti-2026-jabalpur-division,15,661,0.0227,5.75
https://www.indianexaminfo.com/sarkari-naukri/mp-mahila-supervisor-icds-2026,www,/sarkari-naukri/mp-mahila-supervisor-icds-2026,14,331,0.0423,4.92
https://www.indianexaminfo.com/sarkari-naukri/up-nagar-palika-parishad-clerk-2026,www,/sarkari-naukri/up-nagar-palika-parishad-clerk-2026,13,130,0.1,5.38
https://www.indianexaminfo.com/sarkari-naukri/up-district-court-peon-2026-kanpur,www,/sarkari-naukri/up-district-court-peon-2026-kanpur,12,99,0.1212,5.79
https://www.indianexaminfo.com/sarkari-naukri/rajasthan-pwd-work-charged-2026,www,/sarkari-naukri/rajasthan-pwd-work-charged-2026,11,667,0.0165,5.69
https://www.indianexaminfo.com/sarkari-naukri/up-gramin-dak-sevak-2026-kanpur-division,www,/sarkari-naukri/up-gramin-dak-sevak-2026-kanpur-division,8,186,0.043,5.68
https://indianexaminfo.com/sarkari-naukri/defence/indian-army-agniveer,apex,/sarkari-naukri/defence/indian-army-agniveer,5,140,0.0357,10.06
https://www.indianexaminfo.com/entrance-exam/law/mh-cet-law/previous-papers,www,/entrance-exam/law/mh-cet-law/previous-papers,5,125,0.04,22.26
https://www.indianexaminfo.com/sarkari-naukri/up-bal-vikas-supervisor-2026,www,/sarkari-naukri/up-bal-vikas-supervisor-2026,5,101,0.0495,5.28
https://www.indianexaminfo.com/sarkari-naukri/up-mgnrega-rozgar-sevak-2026,www,/sarkari-naukri/up-mgnrega-rozgar-sevak-2026,4,131,0.0305,6.77
https://www.indianexaminfo.com/sarkari-naukri/up-asha-worker-bharti-2026-varanasi,www,/sarkari-naukri/up-asha-worker-bharti-2026-varanasi,4,83,0.0482,6.12
https://www.indianexaminfo.com/sarkari-naukri/rajasthan-rajiv-gandhi-seva-kendra-operator-2026,www,/sarkari-naukri/rajasthan-rajiv-gandhi-seva-kendra-operator-2026,3,180,0.0167,5.51
https://www.indianexaminfo.com/sarkari-naukri/rajasthan-police-constable-driver-2026,www,/sarkari-naukri/rajasthan-police-constable-driver-2026,2,120,0.0167,6.86
https://www.indianexaminfo.com/sarkari-naukri/haryana-gram-sachiv-bharti-2026,www,/sarkari-naukri/haryana-gram-sachiv-bharti-2026,2,58,0.0345,6.83
https://www.indianexaminfo.com/sarkari-naukri/up-nagar-nigam-jal-kal-pump-operator-2026,www,/sarkari-naukri/up-nagar-nigam-jal-kal-pump-operator-2026,2,48,0.0417,5.42
https://www.indianexaminfo.com/sarkari-naukri/up-block-development-office-clerk-2026,www,/sarkari-naukri/up-block-development-office-clerk-2026,2,26,0.0769,6.12
https://www.indianexaminfo.com/sarkari-naukri/chhattisgarh-zila-panchayat-deo-2026,www,/sarkari-naukri/chhattisgarh-zila-panchayat-deo-2026,2,14,0.1429,4.93
https://indianexaminfo.com/sarkari-naukri/teaching/ctet,apex,/sarkari-naukri/teaching/ctet,1,362,0.0028,27.14
https://www.indianexaminfo.com/sarkari-naukri/up-tehsil-office-peon-clerk-2026,www,/sarkari-naukri/up-tehsil-office-peon-clerk-2026,1,99,0.0101,5.35
https://www.indianexaminfo.com/sarkari-naukri/up-gram-panchayat-sahayak-bharti-2026,www,/sarkari-naukri/up-gram-panchayat-sahayak-bharti-2026,1,65,0.0154,7.51
https://www.indianexaminfo.com/sarkari-naukri/rajasthan-forest-guard-vanrakshak-2026,www,/sarkari-naukri/rajasthan-forest-guard-vanrakshak-2026,1,62,0.0161,7.82
https://www.indianexaminfo.com/sarkari-naukri/bihar-anganwadi-bharti-2026-east-champaran,www,/sarkari-naukri/bihar-anganwadi-bharti-2026-east-champaran,1,60,0.0167,8.53
https://www.indianexaminfo.com/board-exam/state/up-board/up-board-class-12/syllabus,www,/board-exam/state/up-board/up-board-class-12/syllabus,1,57,0.0175,50.88
https://www.indianexaminfo.com/entrance-exam/law/jmi-law,www,/entrance-exam/law/jmi-law,1,45,0.0222,10.0
https://indianexaminfo.com/sarkari-naukri/delhi-police-constable-2026-result,apex,/sarkari-naukri/delhi-police-constable-2026-result,1,29,0.0345,23.07
https://indianexaminfo.com/entrance-exam/research-fellowships/tifr-gs/admit-card,apex,/entrance-exam/research-fellowships/tifr-gs/admit-card,1,24,0.0417,13.62
https://indianexaminfo.com/sarkari-naukri/bharti?qualification=iti,apex,/sarkari-naukri/bharti?qualification=iti,1,21,0.0476,6.62
https://www.indianexaminfo.com/sarkari-naukri/bihar-district-court-peon-2026-all-districts,www,/sarkari-naukri/bihar-district-court-peon-2026-all-districts,1,12,0.0833,8.0
https://www.indianexaminfo.com/sarkari-naukri/rajasthan-jal-sansthan-pump-operator-2026,www,/sarkari-naukri/rajasthan-jal-sansthan-pump-operator-2026,1,10,0.1,5.6
https://www.indianexaminfo.com/entrance-exam/law/jmi-law/syllabus,www,/entrance-exam/law/jmi-law/syllabus,1,8,0.125,6.5
https://www.indianexaminfo.com/entrance-exam/medical/neet-pg/cutoff,www,/entrance-exam/medical/neet-pg/cutoff,1,5,0.2,40.4
https://www.indianexaminfo.com/entrance-exam/agriculture/hau-entrance/previous-papers,www,/entrance-exam/agriculture/hau-entrance/previous-papers,1,3,0.3333,4.33
https://www.indianexaminfo.com/sarkari-naukri/up-swasthya-vibhag-2026,www,/sarkari-naukri/up-swasthya-vibhag-2026,1,1,1.0,1.0
https://www.indianexaminfo.com/entrance-exam/law/mh-cet-law,www,/entrance-exam/law/mh-cet-law,0,568,0.0,24.17
https://www.indianexaminfo.com/board-exam/state/cbse/cbse-class-12,www,/board-exam/state/cbse/cbse-class-12,0,249,0.0,35.02
https://www.indianexaminfo.com/entrance-exam/law/mh-cet-law/answer-key,www,/entrance-exam/law/mh-cet-law/answer-key,0,238,0.0,19.02
https://www.indianexaminfo.com/entrance-exam/law/mh-cet-law/admit-card,www,/entrance-exam/law/mh-cet-law/admit-card,0,226,0.0,24.06
https://indianexaminfo.com/government-exam/teaching/ctet,apex,/government-exam/teaching/ctet,0,213,0.0,45.88
https://www.indianexaminfo.com/entrance-exam/research-fellowships/iiser-iat,www,/entrance-exam/research-fellowships/iiser-iat,0,196,0.0,69.39
https://www.indianexaminfo.com/entrance-exam/engineering/gate/syllabus,www,/entrance-exam/engineering/gate/syllabus,0,171,0.0,69.59
https://www.indianexaminfo.com/entrance-exam/engineering/mht-cet,www,/entrance-exam/engineering/mht-cet,0,142,0.0,35.51
https://www.indianexaminfo.com/sarkari-naukri/ssc/ssc-cgl,www,/sarkari-naukri/ssc/ssc-cgl,0,131,0.0,70.62
https://indianexaminfo.com/sarkari-naukri/railways/rrb-ntpc,apex,/sarkari-naukri/railways/rrb-ntpc,0,122,0.0,51.78
https://www.indianexaminfo.com/sarkari-naukri,www,/sarkari-naukri,0,122,0.0,69.61
https://www.indianexaminfo.com/entrance-exam/university-entrance/up-bed-jee/application,www,/entrance-exam/university-entrance/up-bed-jee/application,0,122,0.0,77.73
https://www.indianexaminfo.com/sarkari-naukri/up-gramin-dak-sevak-2026-lucknow-division,www,/sarkari-naukri/up-gramin-dak-sevak-2026-lucknow-division,0,114,0.0,7.89
https://www.indianexaminfo.com/entrance-exam/law/clat,www,/entrance-exam/law/clat,0,114,0.0,71.21
https://indianexaminfo.com/sarkari-naukri/karnataka-anganwadi-2026-belgaum,apex,/sarkari-naukri/karnataka-anganwadi-2026-belgaum,0,110,0.0,7.58
https://www.indianexaminfo.com/entrance-exam/law/ts-lawcet/admit-card,www,/entrance-exam/law/ts-lawcet/admit-card,0,107,0.0,25.15
https://www.indianexaminfo.com/sarkari-naukri/banking/ibps-clerk/application,www,/sarkari-naukri/banking/ibps-clerk/application,0,99,0.0,26.15
https://www.indianexaminfo.com/sarkari-naukri/bihar-gds-bharti-2026,www,/sarkari-naukri/bihar-gds-bharti-2026,0,94,0.0,9.43
https://www.indianexaminfo.com/sarkari-naukri/upsc/upsc-cds,www,/sarkari-naukri/upsc/upsc-cds,0,88,0.0,57.91
https://indianexaminfo.com/government-exam/railways/rrb-ntpc,apex,/government-exam/railways/rrb-ntpc,0,86,0.0,61.23
https://www.indianexaminfo.com/sarkari-naukri/up-jila-panchayat-lekhpal-2026,www,/sarkari-naukri/up-jila-panchayat-lekhpal-2026,0,82,0.0,5.12
https://www.indianexaminfo.com/entrance-exam,www,/entrance-exam,0,82,0.0,25.46
https://indianexaminfo.com/government-exam/railways/rrb-je,apex,/government-exam/railways/rrb-je,0,71,0.0,27.41
https://indianexaminfo.com/university-exam/deemed-university/srm-entrance/about,apex,/university-exam/deemed-university/srm-entrance/about,0,71,0.0,71.77
https://www.indianexaminfo.com/entrance-exam/defence-entrance/nda/application,www,/entrance-exam/defence-entrance/nda/application,0,71,0.0,72.31
https://indianexaminfo.com/entrance-exam/management/cat,apex,/entrance-exam/management/cat,0,69,0.0,33.55
https://www.indianexaminfo.com/board-exam/state/up-board/up-board-class-12,www,/board-exam/state/up-board/up-board-class-12,0,68,0.0,11.43
https://www.indianexaminfo.com/entrance-exam/university-entrance/met-manipal/cutoff,www,/entrance-exam/university-entrance/met-manipal/cutoff,0,66,0.0,55.23
https://www.indianexaminfo.com/entrance-exam/law/mh-cet-law/syllabus,www,/entrance-exam/law/mh-cet-law/syllabus,0,61,0.0,25.15
https://www.indianexaminfo.com/board-exam/state/cbse/cbse-class-10/answer-key,www,/board-exam/state/cbse/cbse-class-10/answer-key,0,61,0.0,69.18
https://www.indianexaminfo.com/sarkari-naukri/up-gramin-dak-sevak-2026-agra-division,www,/sarkari-naukri/up-gramin-dak-sevak-2026-agra-division,0,60,0.0,8.83
https://indianexaminfo.com/entrance-exam/defence-entrance/afcat/previous-papers,apex,/entrance-exam/defence-entrance/afcat/previous-papers,0,58,0.0,35.83
https://www.indianexaminfo.com/board-exam/state/cbse/cbse-class-12/syllabus,www,/board-exam/state/cbse/cbse-class-12/syllabus,0,54,0.0,72.19
https://www.indianexaminfo.com/government-exam/banking/ibps-clerk/application,www,/government-exam/banking/ibps-clerk/application,0,53,0.0,30.49
https://www.indianexaminfo.com/sarkari-naukri/andhra-pradesh-anganwadi-2026-visakhapatnam,www,/sarkari-naukri/andhra-pradesh-anganwadi-2026-visakhapatnam,0,52,0.0,8.04
https://www.indianexaminfo.com/board-exam/state/cbse/cbse-class-12/answer-key,www,/board-exam/state/cbse/cbse-class-12/answer-key,0,50,0.0,33.84
https://indianexaminfo.com/entrance-exam/research-fellowships/tifr-gs,apex,/entrance-exam/research-fellowships/tifr-gs,0,50,0.0,37.26
https://indianexaminfo.com/university-exam/deemed-university/manipal-entrance/notification,apex,/university-exam/deemed-university/manipal-entrance/notification,0,50,0.0,67.26
https://www.indianexaminfo.com/entrance-exam/law/slat,www,/entrance-exam/law/slat,0,47,0.0,53.72
https://indianexaminfo.com/sarkari-naukri/railways/rrb-alp,apex,/sarkari-naukri/railways/rrb-alp,0,44,0.0,63.48
https://indianexaminfo.com/sarkari-naukri,apex,/sarkari-naukri,0,38,0.0,5.95
https://www.indianexaminfo.com/sarkari-naukri/state/west-bengal,www,/sarkari-naukri/state/west-bengal,0,37,0.0,22.03
https://indianexaminfo.com/sarkari-naukri/defence/cds-exam/notification,apex,/sarkari-naukri/defence/cds-exam/notification,0,34,0.0,82.76
https://indianexaminfo.com/entrance-exam/law/clat-2026,apex,/entrance-exam/law/clat-2026,0,33,0.0,49.03
https://www.indianexaminfo.com/sarkari-naukri/up-aanganwadi-mini-centre-sahayika-2026-bareilly,www,/sarkari-naukri/up-aanganwadi-mini-centre-sahayika-2026-bareilly,0,32,0.0,5.25
https://indianexaminfo.com/sarkari-naukri/ibps-clerk-2026-prelims-result,apex,/sarkari-naukri/ibps-clerk-2026-prelims-result,0,32,0.0,13.44
https://www.indianexaminfo.com/admit-card,www,/admit-card,0,27,0.0,9.85
https://indianexaminfo.com/entrance-exam/agriculture/upcatet,apex,/entrance-exam/agriculture/upcatet,0,27,0.0,14.7
https://www.indianexaminfo.com/sarkari-naukri/up-district-court-peon-2026-varanasi,www,/sarkari-naukri/up-district-court-peon-2026-varanasi,0,26,0.0,5.54
https://www.indianexaminfo.com/entrance-exam/engineering/gate-2026,www,/entrance-exam/engineering/gate-2026,0,26,0.0,16.31
https://www.indianexaminfo.com/board-exam/state/cbse/cbse-class-10/syllabus,www,/board-exam/state/cbse/cbse-class-10/syllabus,0,26,0.0,60.42
https://www.indianexaminfo.com/entrance-exam/university-entrance/cuet-ug/cutoff,www,/entrance-exam/university-entrance/cuet-ug/cutoff,0,26,0.0,72.58
https://indianexaminfo.com/,apex,/,0,24,0.0,32.38
https://www.indianexaminfo.com/entrance-exam/university-entrance/wbjee-jeca/application,www,/entrance-exam/university-entrance/wbjee-jeca/application,0,24,0.0,41.83
https://www.indianexaminfo.com/government-exam/upsc/upsc-cds,www,/government-exam/upsc/upsc-cds,0,24,0.0,58.42
https://www.indianexaminfo.com/entrance-exam/law/ts-lawcet,www,/entrance-exam/law/ts-lawcet,0,23,0.0,11.52
https://www.indianexaminfo.com/entrance-exam/research-fellowships/iit-jam/cutoff,www,/entrance-exam/research-fellowships/iit-jam/cutoff,0,23,0.0,53.87
https://www.indianexaminfo.com/sarkari-naukri/banking/sebi-grade-a/syllabus,www,/sarkari-naukri/banking/sebi-grade-a/syllabus,0,23,0.0,68.52
https://www.indianexaminfo.com/entrance-exam/engineering/assam-cee/application,www,/entrance-exam/engineering/assam-cee/application,0,22,0.0,71.64
https://www.indianexaminfo.com/sarkari-naukri/up-fisheries-dept-matsya-mitra-2026,www,/sarkari-naukri/up-fisheries-dept-matsya-mitra-2026,0,20,0.0,7.25
https://www.indianexaminfo.com/board-exam/state/bihar-board/bihar-board-inter,www,/board-exam/state/bihar-board/bihar-board-inter,0,20,0.0,22.65
https://indianexaminfo.com/entrance-exam/research-fellowships/jest/notification,apex,/entrance-exam/research-fellowships/jest/notification,0,20,0.0,34.55
https://www.indianexaminfo.com/entrance-exam/university-entrance/up-bed-jee,www,/entrance-exam/university-entrance/up-bed-jee,0,20,0.0,46.7
https://indianexaminfo.com/entrance-exam/agriculture/mp-pat,apex,/entrance-exam/agriculture/mp-pat,0,19,0.0,13.68
https://www.indianexaminfo.com/entrance-exam/management/tancet/admit-card,www,/entrance-exam/management/tancet/admit-card,0,19,0.0,20.21
https://indianexaminfo.com/entrance-exam/research-fellowships/iiser-iat/cutoff,apex,/entrance-exam/research-fellowships/iiser-iat/cutoff,0,19,0.0,48.32
https://indianexaminfo.com/entrance-exam/management/nmat/mock-test,apex,/entrance-exam/management/nmat/mock-test,0,19,0.0,84.42
https://www.indianexaminfo.com/entrance-exam/university-entrance/christ-cuet/admit-card,www,/entrance-exam/university-entrance/christ-cuet/admit-card,0,18,0.0,19.06
https://www.indianexaminfo.com/entrance-exam/management/irmasat/application,www,/entrance-exam/management/irmasat/application,0,17,0.0,12.59
https://indianexaminfo.com/university-exam/central-university/bhu-uet,apex,/university-exam/central-university/bhu-uet,0,17,0.0,31.71
https://www.indianexaminfo.com/entrance-exam/engineering/ap-eapcet,www,/entrance-exam/engineering/ap-eapcet,0,15,0.0,9.2
https://www.indianexaminfo.com/board-exam/state/up-board/up-board-class-12/answer-key,www,/board-exam/state/up-board/up-board-class-12/answer-key,0,15,0.0,10.47
https://www.indianexaminfo.com/entrance-exam/law/klee/admit-card,www,/entrance-exam/law/klee/admit-card,0,15,0.0,13.53
https://indianexaminfo.com/sarkari-naukri/csir-net-june-2026-result,apex,/sarkari-naukri/csir-net-june-2026-result,0,15,0.0,20.07
https://www.indianexaminfo.com/entrance-exam/agriculture/icar-aieea/admit-card,www,/entrance-exam/agriculture/icar-aieea/admit-card,0,15,0.0,59.4
https://www.indianexaminfo.com/entrance-exam/university-entrance/cuet-ug/application,www,/entrance-exam/university-entrance/cuet-ug/application,0,15,0.0,72.8
https://indianexaminfo.com/entrance-exam/research-fellowships/sat/syllabus,apex,/entrance-exam/research-fellowships/sat/syllabus,0,15,0.0,83.07
https://www.indianexaminfo.com/entrance-exam/university-entrance/cuet-ug,www,/entrance-exam/university-entrance/cuet-ug,0,14,0.0,61.57
https://www.indianexaminfo.com/sarkari-naukri/up-nagar-nigam-mali-chowkidar-2026-varanasi,www,/sarkari-naukri/up-nagar-nigam-mali-chowkidar-2026-varanasi,0,13,0.0,8.46
https://indianexaminfo.com/entrance-exam/design/nid-dat/syllabus,apex,/entrance-exam/design/nid-dat/syllabus,0,13,0.0,70.08
https://www.indianexaminfo.com/entrance-exam/law/mh-cet-law/cutoff,www,/entrance-exam/law/mh-cet-law/cutoff,0,12,0.0,26.58
https://indianexaminfo.com/entrance-exam/research-fellowships/tifr-gs/syllabus,apex,/entrance-exam/research-fellowships/tifr-gs/syllabus,0,12,0.0,65.0
https://www.indianexaminfo.com/entrance-exam/law/klee,www,/entrance-exam/law/klee,0,11,0.0,9.91
https://www.indianexaminfo.com/entrance-exam/university-entrance/mah-mca-cet,www,/entrance-exam/university-entrance/mah-mca-cet,0,11,0.0,14.27
https://indianexaminfo.com/entrance-exam/management/nmat,apex,/entrance-exam/management/nmat,0,11,0.0,20.27
https://www.indianexaminfo.com/board-exam/state/bihar-board/bihar-board-matric/result,www,/board-exam/state/bihar-board/bihar-board-matric/result,0,11,0.0,23.27
https://indianexaminfo.com/entrance-exam/management/cat/cutoff,apex,/entrance-exam/management/cat/cutoff,0,11,0.0,45.18
https://www.indianexaminfo.com/entrance-exam/management/snap/application,www,/entrance-exam/management/snap/application,0,11,0.0,69.18
https://www.indianexaminfo.com/entrance-exam/agriculture/cg-pre-agri,www,/entrance-exam/agriculture/cg-pre-agri,0,10,0.0,8.6
https://indianexaminfo.com/entrance-exam/research-fellowships/jest/application,apex,/entrance-exam/research-fellowships/jest/application,0,10,0.0,9.7
https://www.indianexaminfo.com/entrance-exam/design/pearl-academy/notification,www,/entrance-exam/design/pearl-academy/notification,0,10,0.0,19.4
https://www.indianexaminfo.com/entrance-exam/design/wud-dat/syllabus,www,/entrance-exam/design/wud-dat/syllabus,0,10,0.0,20.1
https://www.indianexaminfo.com/entrance-exam/management/tancet,www,/entrance-exam/management/tancet,0,10,0.0,47.8
https://indianexaminfo.com/entrance-exam/engineering/nata/result,apex,/entrance-exam/engineering/nata/result,0,10,0.0,75.4
https://www.indianexaminfo.com/entrance-exam/research-fellowships/gmat/application,www,/entrance-exam/research-fellowships/gmat/application,0,10,0.0,87.1
https://www.indianexaminfo.com/entrance-exam/medical/ini-ss/cutoff,www,/entrance-exam/medical/ini-ss/cutoff,0,9,0.0,13.22
https://www.indianexaminfo.com/entrance-exam/medical/ini-ss/notification,www,/entrance-exam/medical/ini-ss/notification,0,9,0.0,20.0
https://www.indianexaminfo.com/entrance-exam/medical/niper-jee,www,/entrance-exam/medical/niper-jee,0,9,0.0,20.78
https://indianexaminfo.com/entrance-exam/management/ts-icet/admit-card,apex,/entrance-exam/management/ts-icet/admit-card,0,9,0.0,42.56
https://indianexaminfo.com/entrance-exam/agriculture/rajasthan-jet/previous-papers,apex,/entrance-exam/agriculture/rajasthan-jet/previous-papers,0,9,0.0,49.56
https://indianexaminfo.com/entrance-exam/research-fellowships/sat,apex,/entrance-exam/research-fellowships/sat,0,9,0.0,55.44
https://indianexaminfo.com/sarkari-naukri/defence/cds-exam,apex,/sarkari-naukri/defence/cds-exam,0,9,0.0,69.22
https://indianexaminfo.com/entrance-exam/research-fellowships/gmat/previous-papers,apex,/entrance-exam/research-fellowships/gmat/previous-papers,0,9,0.0,77.44
https://www.indianexaminfo.com/entrance-exam/medical/niper-jee/cutoff,www,/entrance-exam/medical/niper-jee/cutoff,0,8,0.0,16.62
https://www.indianexaminfo.com/entrance-exam/university-entrance/christ-cuet/result,www,/entrance-exam/university-entrance/christ-cuet/result,0,8,0.0,18.12
https://indianexaminfo.com/entrance-exam/agriculture/hau-entrance,apex,/entrance-exam/agriculture/hau-entrance,0,8,0.0,21.38
https://www.indianexaminfo.com/entrance-exam/university-entrance/christ-cuet/syllabus,www,/entrance-exam/university-entrance/christ-cuet/syllabus,0,8,0.0,25.62
https://www.indianexaminfo.com/board-exam/state/bihar-board/bihar-board-matric/admit-card,www,/board-exam/state/bihar-board/bihar-board-matric/admit-card,0,8,0.0,31.0
https://indianexaminfo.com/university-exam/open-university/ignou-exam,apex,/university-exam/open-university/ignou-exam,0,8,0.0,34.38
https://www.indianexaminfo.com/entrance-exam/law/slat/previous-papers,www,/entrance-exam/law/slat/previous-papers,0,8,0.0,42.75
https://www.indianexaminfo.com/entrance-exam/university-entrance/ipu-cet/admit-card,www,/entrance-exam/university-entrance/ipu-cet/admit-card,0,8,0.0,54.25
https://www.indianexaminfo.com/entrance-exam/university-entrance/set-symbiosis,www,/entrance-exam/university-entrance/set-symbiosis,0,8,0.0,59.12
https://www.indianexaminfo.com/sarkari-naukri/karnataka-pdgo-grade-2-village-accountant-2026,www,/sarkari-naukri/karnataka-pdgo-grade-2-village-accountant-2026,0,7,0.0,9.71
https://www.indianexaminfo.com/entrance-exam/research-fellowships/jest,www,/entrance-exam/research-fellowships/jest,0,7,0.0,12.29
https://www.indianexaminfo.com/sarkari-naukri/rajasthan-pashu-paricharak-2026,www,/sarkari-naukri/rajasthan-pashu-paricharak-2026,0,7,0.0,12.43
https://www.indianexaminfo.com/entrance-exam/agriculture/hau-entrance,www,/entrance-exam/agriculture/hau-entrance,0,7,0.0,20.0
https://www.indianexaminfo.com/entrance-exam/university-entrance/jmi-entrance/syllabus,www,/entrance-exam/university-entrance/jmi-entrance/syllabus,0,7,0.0,40.0
https://indianexaminfo.com/entrance-exam/engineering/viteee/admit-card,apex,/entrance-exam/engineering/viteee/admit-card,0,7,0.0,43.29
https://www.indianexaminfo.com/entrance-exam/management/cat/admit-card,www,/entrance-exam/management/cat/admit-card,0,7,0.0,75.0
https://www.indianexaminfo.com/entrance-exam/defence-entrance/nda/syllabus,www,/entrance-exam/defence-entrance/nda/syllabus,0,7,0.0,76.14
https://indianexaminfo.com/government-exam,apex,/government-exam,0,6,0.0,3.67
https://www.indianexaminfo.com/sarkari-naukri/up-revenue-department-amin-2026,www,/sarkari-naukri/up-revenue-department-amin-2026,0,6,0.0,6.33
https://www.indianexaminfo.com/entrance-exam/law/amu-law/previous-papers,www,/entrance-exam/law/amu-law/previous-papers,0,6,0.0,7.83
https://indianexaminfo.com/entrance-exam/research-fellowships/icmr-jrf/previous-papers,apex,/entrance-exam/research-fellowships/icmr-jrf/previous-papers,0,6,0.0,35.17
https://www.indianexaminfo.com/entrance-exam/law/clat/cutoff,www,/entrance-exam/law/clat/cutoff,0,6,0.0,59.67
https://www.indianexaminfo.com/entrance-exam/medical/neet-pg/previous-papers,www,/entrance-exam/medical/neet-pg/previous-papers,0,6,0.0,65.17
https://www.indianexaminfo.com/entrance-exam/management/ts-icet/application,www,/entrance-exam/management/ts-icet/application,0,6,0.0,67.17
https://www.indianexaminfo.com/entrance-exam/law/lsat-india/admit-card,www,/entrance-exam/law/lsat-india/admit-card,0,5,0.0,5.4
https://www.indianexaminfo.com/entrance-exam/design/aifd-wat,www,/entrance-exam/design/aifd-wat,0,5,0.0,9.6
https://www.indianexaminfo.com/entrance-exam/university-entrance/pu-cet-pg,www,/entrance-exam/university-entrance/pu-cet-pg,0,5,0.0,10.8
https://www.indianexaminfo.com/entrance-exam/management/micat,www,/entrance-exam/management/micat,0,5,0.0,14.4
https://indianexaminfo.com/entrance-exam/design/fddi-aist/admit-card,apex,/entrance-exam/design/fddi-aist/admit-card,0,5,0.0,21.2
https://www.indianexaminfo.com/entrance-exam/law/klee/answer-key,www,/entrance-exam/law/klee/answer-key,0,5,0.0,23.8
https://www.indianexaminfo.com/entrance-exam/university-entrance/pu-cet-ug,www,/entrance-exam/university-entrance/pu-cet-ug,0,5,0.0,49.0
https://www.indianexaminfo.com/entrance-exam/medical/ruhs-nursing,www,/entrance-exam/medical/ruhs-nursing,0,5,0.0,51.4
https://www.indianexaminfo.com/entrance-exam/research-fellowships/ugc-net/result,www,/entrance-exam/research-fellowships/ugc-net/result,0,5,0.0,53.2
https://indianexaminfo.com/university-exam/central-university/du-admission,apex,/university-exam/central-university/du-admission,0,5,0.0,71.6
https://www.indianexaminfo.com/entrance-exam/management/cat/application,www,/entrance-exam/management/cat/application,0,4,0.0,9.75
https://www.indianexaminfo.com/entrance-exam/law/lsat-india/application,www,/entrance-exam/law/lsat-india/application,0,4,0.0,10.25
https://www.indianexaminfo.com/entrance-exam/university-entrance/kiitee,www,/entrance-exam/university-entrance/kiitee,0,4,0.0,17.5
https://www.indianexaminfo.com/entrance-exam/design/uceed/admit-card,www,/entrance-exam/design/uceed/admit-card,0,4,0.0,19.25
https://www.indianexaminfo.com/entrance-exam/engineering/comedk-uget/answer-key,www,/entrance-exam/engineering/comedk-uget/answer-key,0,4,0.0,41.25
https://www.indianexaminfo.com/entrance-exam/law/ailet/cutoff,www,/entrance-exam/law/ailet/cutoff,0,4,0.0,43.5
https://indianexaminfo.com/entrance-exam/engineering/comedk-uget/notification,apex,/entrance-exam/engineering/comedk-uget/notification,0,4,0.0,58.5
https://www.indianexaminfo.com/entrance-exam/engineering/gate-2026/answer-key,www,/entrance-exam/engineering/gate-2026/answer-key,0,4,0.0,66.25
https://indianexaminfo.com/entrance-exam/research-fellowships/tifr-gs/previous-papers,apex,/entrance-exam/research-fellowships/tifr-gs/previous-papers,0,4,0.0,68.75
https://www.indianexaminfo.com/entrance-exam/university-entrance/cuet-pg/syllabus,www,/entrance-exam/university-entrance/cuet-pg/syllabus,0,4,0.0,73.5
https://www.indianexaminfo.com/entrance-exam/university-entrance/set-symbiosis/admit-card,www,/entrance-exam/university-entrance/set-symbiosis/admit-card,0,4,0.0,74.25
https://indianexaminfo.com/entrance-exam/research-fellowships/gre/previous-papers,apex,/entrance-exam/research-fellowships/gre/previous-papers,0,4,0.0,75.0
https://www.indianexaminfo.com/entrance-exam/defence-entrance/afcat/syllabus,www,/entrance-exam/defence-entrance/afcat/syllabus,0,4,0.0,76.5
https://www.indianexaminfo.com/entrance-exam/university-entrance/met-manipal/application,www,/entrance-exam/university-entrance/met-manipal/application,0,4,0.0,77.5
https://www.indianexaminfo.com/sarkari-naukri/bihar-hospital-group-d-2026-all-districts,www,/sarkari-naukri/bihar-hospital-group-d-2026-all-districts,0,3,0.0,5.33
https://www.indianexaminfo.com/entrance-exam/medical/ini-ss/admit-card,www,/entrance-exam/medical/ini-ss/admit-card,0,3,0.0,6.33
https://www.indianexaminfo.com/entrance-exam/university-entrance/pu-cet-pg/admit-card,www,/entrance-exam/university-entrance/pu-cet-pg/admit-card,0,3,0.0,9.0
https://www.indianexaminfo.com/entrance-exam/design/fddi-aist,www,/entrance-exam/design/fddi-aist,0,3,0.0,9.67
https://www.indianexaminfo.com/entrance-exam/medical/neet-mds,www,/entrance-exam/medical/neet-mds,0,3,0.0,10.33
https://www.indianexaminfo.com/entrance-exam/university-entrance/pu-cet-pg/syllabus,www,/entrance-exam/university-entrance/pu-cet-pg/syllabus,0,3,0.0,23.67
https://www.indianexaminfo.com/entrance-exam/law/ailet/syllabus,www,/entrance-exam/law/ailet/syllabus,0,3,0.0,24.67
https://indianexaminfo.com/government-exam/defence/indian-army-agniveer,apex,/government-exam/defence/indian-army-agniveer,0,3,0.0,28.33
https://www.indianexaminfo.com/entrance-exam/university-entrance/christ-cuet/application,www,/entrance-exam/university-entrance/christ-cuet/application,0,3,0.0,36.67
https://www.indianexaminfo.com/board-exam/state/cbse/cbse-class-10/result,www,/board-exam/state/cbse/cbse-class-10/result,0,3,0.0,38.33
https://www.indianexaminfo.com/entrance-exam/management/snap/admit-card,www,/entrance-exam/management/snap/admit-card,0,3,0.0,39.33
https://indianexaminfo.com/entrance-exam/management/ts-icet/syllabus,apex,/entrance-exam/management/ts-icet/syllabus,0,3,0.0,41.0
https://www.indianexaminfo.com/entrance-exam/design/nid-dat/application,www,/entrance-exam/design/nid-dat/application,0,3,0.0,58.0
https://indianexaminfo.com/news/neet-ug-2026-preparation-tips,apex,/news/neet-ug-2026-preparation-tips,0,3,0.0,59.33
https://indianexaminfo.com/entrance-exam/research-fellowships/iit-jam/mock-test,apex,/entrance-exam/research-fellowships/iit-jam/mock-test,0,3,0.0,60.0
https://indianexaminfo.com/university-exam/deemed-university/amity-entrance/syllabus,apex,/university-exam/deemed-university/amity-entrance/syllabus,0,3,0.0,60.33
https://www.indianexaminfo.com/entrance-exam/management/jipmat/admit-card,www,/entrance-exam/management/jipmat/admit-card,0,3,0.0,86.0
https://www.indianexaminfo.com/entrance-exam/university-entrance/set-symbiosis/application,www,/entrance-exam/university-entrance/set-symbiosis/application,0,3,0.0,100.0
https://indianexaminfo.com/sarkari-naukri/upsc-cds-1-2026-result?utm_campaign=google_jobs_apply&utm_source=google_jobs_apply&utm_medium=organic,apex,/sarkari-naukri/upsc-cds-1-2026-result?utm_campaign=google_jobs_apply&utm_source=google_jobs_apply&utm_medium=organic,0,2,0.0,3.0
https://indianexaminfo.com/sarkari-naukri/upsc-ifos-2026-prelims-result,apex,/sarkari-naukri/upsc-ifos-2026-prelims-result,0,2,0.0,5.0
https://www.indianexaminfo.com/entrance-exam/agriculture/mp-pat/admit-card,www,/entrance-exam/agriculture/mp-pat/admit-card,0,2,0.0,8.0
https://www.indianexaminfo.com/entrance-exam/law/christ-law/syllabus,www,/entrance-exam/law/christ-law/syllabus,0,2,0.0,8.0
https://www.indianexaminfo.com/entrance-exam/management/ibsat/admit-card,www,/entrance-exam/management/ibsat/admit-card,0,2,0.0,8.0
https://indianexaminfo.com/entrance-exam/research-fellowships/jest/answer-key,apex,/entrance-exam/research-fellowships/jest/answer-key,0,2,0.0,8.5
https://indianexaminfo.com/entrance-exam/research-fellowships/jest/cutoff,apex,/entrance-exam/research-fellowships/jest/cutoff,0,2,0.0,8.5
https://indianexaminfo.com/sarkari-naukri/ssc-chsl-2026-tier1-result,apex,/sarkari-naukri/ssc-chsl-2026-tier1-result,0,2,0.0,8.5
https://www.indianexaminfo.com/entrance-exam/design/seed/cutoff,www,/entrance-exam/design/seed/cutoff,0,2,0.0,9.0
https://www.indianexaminfo.com/entrance-exam/design/seed/application,www,/entrance-exam/design/seed/application,0,2,0.0,9.5
https://www.indianexaminfo.com/entrance-exam/law/jmi-law/cutoff,www,/entrance-exam/law/jmi-law/cutoff,0,2,0.0,9.5
https://www.indianexaminfo.com/entrance-exam/law/klee/previous-papers,www,/entrance-exam/law/klee/previous-papers,0,2,0.0,9.5
https://www.indianexaminfo.com/entrance-exam/engineering/keam,www,/entrance-exam/engineering/keam,0,2,0.0,10.0
https://www.indianexaminfo.com/entrance-exam/agriculture/mp-pat/answer-key,www,/entrance-exam/agriculture/mp-pat/answer-key,0,2,0.0,10.5
https://www.indianexaminfo.com/board-exam/state/cbse/cbse-class-12/result,www,/board-exam/state/cbse/cbse-class-12/result,0,2,0.0,12.0
https://www.indianexaminfo.com/entrance-exam/law/klee/cutoff,www,/entrance-exam/law/klee/cutoff,0,2,0.0,13.5
https://www.indianexaminfo.com/entrance-exam/law/ipu-cet-law/mock-test,www,/entrance-exam/law/ipu-cet-law/mock-test,0,2,0.0,16.0
https://indianexaminfo.com/university-exam/deemed-university/amity-entrance/news,apex,/university-exam/deemed-university/amity-entrance/news,0,2,0.0,18.0
https://indianexaminfo.com/entrance-exam/management/atma,apex,/entrance-exam/management/atma,0,2,0.0,20.0
https://www.indianexaminfo.com/entrance-exam/engineering/cg-pet/result,www,/entrance-exam/engineering/cg-pet/result,0,2,0.0,21.5
https://indianexaminfo.com/entrance-exam/management/micat/result,apex,/entrance-exam/management/micat/result,0,2,0.0,26.0
https://www.indianexaminfo.com/board-exam/state/bihar-board/bihar-board-inter/answer-key,www,/board-exam/state/bihar-board/bihar-board-inter/answer-key,0,2,0.0,29.5
https://www.indianexaminfo.com/entrance-exam/law/ilicat/syllabus,www,/entrance-exam/law/ilicat/syllabus,0,2,0.0,29.5
https://www.indianexaminfo.com/entrance-exam/medical/neet-mds/syllabus,www,/entrance-exam/medical/neet-mds/syllabus,0,2,0.0,36.5
https://www.indianexaminfo.com/entrance-exam/engineering/ap-eapcet/application,www,/entrance-exam/engineering/ap-eapcet/application,0,2,0.0,39.5
https://www.indianexaminfo.com/entrance-exam/management/nmat/application,www,/entrance-exam/management/nmat/application,0,2,0.0,41.0
https://www.indianexaminfo.com/entrance-exam/defence-entrance/afcat,www,/entrance-exam/defence-entrance/afcat,0,2,0.0,42.5
https://www.indianexaminfo.com/entrance-exam/management/nmat/answer-key,www,/entrance-exam/management/nmat/answer-key,0,2,0.0,43.5
https://www.indianexaminfo.com/entrance-exam/university-entrance/amu-entrance/admit-card,www,/entrance-exam/university-entrance/amu-entrance/admit-card,0,2,0.0,46.5
https://indianexaminfo.com/government-exam/banking/sbi-clerk/result,apex,/government-exam/banking/sbi-clerk/result,0,2,0.0,54.0
https://indianexaminfo.com/entrance-exam/research-fellowships/iiser-iat/previous-papers,apex,/entrance-exam/research-fellowships/iiser-iat/previous-papers,0,2,0.0,55.0
https://www.indianexaminfo.com/entrance-exam/design/nid-dat/admit-card,www,/entrance-exam/design/nid-dat/admit-card,0,2,0.0,57.5
https://www.indianexaminfo.com/entrance-exam/research-fellowships/ugc-net/answer-key,www,/entrance-exam/research-fellowships/ugc-net/answer-key,0,2,0.0,63.5
https://indianexaminfo.com/government-exam/defence/cds-exam,apex,/government-exam/defence/cds-exam,0,2,0.0,68.5
https://www.indianexaminfo.com/entrance-exam/research-fellowships/sat/cutoff,www,/entrance-exam/research-fellowships/sat/cutoff,0,2,0.0,71.0
https://www.indianexaminfo.com/entrance-exam/university-entrance/cuet-ug/result,www,/entrance-exam/university-entrance/cuet-ug/result,0,2,0.0,72.0
https://www.indianexaminfo.com/entrance-exam/design/nid-dat/previous-papers,www,/entrance-exam/design/nid-dat/previous-papers,0,2,0.0,73.5
https://www.indianexaminfo.com/entrance-exam/university-entrance/cuet-pg/mock-test,www,/entrance-exam/university-entrance/cuet-pg/mock-test,0,2,0.0,74.5
https://www.indianexaminfo.com/entrance-exam/engineering/kcet/syllabus,www,/entrance-exam/engineering/kcet/syllabus,0,2,0.0,79.0
https://indianexaminfo.com/entrance-exam/engineering/keam/admit-card,apex,/entrance-exam/engineering/keam/admit-card,0,2,0.0,80.5
https://indianexaminfo.com/entrance-exam/law/clat/mock-test,apex,/entrance-exam/law/clat/mock-test,0,2,0.0,89.0
https://indianexaminfo.com/entrance-exam/management/cat-2026,apex,/entrance-exam/management/cat-2026,0,2,0.0,89.0
https://www.indianexaminfo.com/sarkari-naukri/state/jharkhand,www,/sarkari-naukri/state/jharkhand,0,2,0.0,115.5
https://indianexaminfo.com/sarkari-naukri/up-nagar-nigam-salai-karmi-2026-kanpur,apex,/sarkari-naukri/up-nagar-nigam-salai-karmi-2026-kanpur,0,1,0.0,1.0
https://indianexaminfo.com/sarkari-naukri/up-nagar-nigam-salary-karmi-2026-kanpur,apex,/sarkari-naukri/up-nagar-nigam-salary-karmi-2026-kanpur,0,1,0.0,1.0
https://www.indianexaminfo.com/sarkari-naukri/up-nagar-nigam-salai-karmi-2026-lucknow,www,/sarkari-naukri/up-nagar-nigam-salai-karmi-2026-lucknow,0,1,0.0,1.0
https://www.indianexaminfo.com/sarkari-naukri/up-nagar-nigam-salary-2026,www,/sarkari-naukri/up-nagar-nigam-salary-2026,0,1,0.0,1.0
https://www.indianexaminfo.com/sarkari-naukri/up-swasthya-vibhag-ambulance-divider-2026,www,/sarkari-naukri/up-swasthya-vibhag-ambulance-divider-2026,0,1,0.0,1.0
https://indianexaminfo.com/sarkari-naukri/up-forest-guard-vanrakshak-bharti-2026,apex,/sarkari-naukri/up-forest-guard-vanrakshak-bharti-2026,0,1,0.0,2.0
https://www.indianexaminfo.com/entrance-exam/agriculture/hau-entrance/syllabus,www,/entrance-exam/agriculture/hau-entrance/syllabus,0,1,0.0,5.0
https://www.indianexaminfo.com/entrance-exam/design/seed/admit-card,www,/entrance-exam/design/seed/admit-card,0,1,0.0,5.0
https://indianexaminfo.com/entrance-exam/management/cat/notification,apex,/entrance-exam/management/cat/notification,0,1,0.0,6.0
https://www.indianexaminfo.com/entrance-exam/design/aifd-wat/application,www,/entrance-exam/design/aifd-wat/application,0,1,0.0,6.0
https://www.indianexaminfo.com/entrance-exam/medical/neet-mds/admit-card,www,/entrance-exam/medical/neet-mds/admit-card,0,1,0.0,6.0
https://www.indianexaminfo.com/entrance-exam/design/seed/previous-papers,www,/entrance-exam/design/seed/previous-papers,0,1,0.0,7.0
https://www.indianexaminfo.com/entrance-exam/engineering/assam-cee-2026/previous-papers,www,/entrance-exam/engineering/assam-cee-2026/previous-papers,0,1,0.0,7.0
https://www.indianexaminfo.com/entrance-exam/management,www,/entrance-exam/management,0,1,0.0,7.0
https://www.indianexaminfo.com/entrance-exam/university-entrance/pu-cet-pg/mock-test,www,/entrance-exam/university-entrance/pu-cet-pg/mock-test,0,1,0.0,7.0
https://www.indianexaminfo.com/entrance-exam/law/aibe/admit-card,www,/entrance-exam/law/aibe/admit-card,0,1,0.0,8.0
https://www.indianexaminfo.com/entrance-exam/university-entrance/kiitee/admit-card,www,/entrance-exam/university-entrance/kiitee/admit-card,0,1,0.0,8.0
https://www.indianexaminfo.com/entrance-exam/agriculture/cg-pre-agri/admit-card,www,/entrance-exam/agriculture/cg-pre-agri/admit-card,0,1,0.0,9.0
https://www.indianexaminfo.com/entrance-exam/law/ipu-cet-law/syllabus,www,/entrance-exam/law/ipu-cet-law/syllabus,0,1,0.0,9.0
https://indianexaminfo.com/entrance-exam/research-fellowships/iit-jam/previous-papers,apex,/entrance-exam/research-fellowships/iit-jam/previous-papers,0,1,0.0,10.0
https://www.indianexaminfo.com/entrance-exam/design/seed/notification,www,/entrance-exam/design/seed/notification,0,1,0.0,10.0
https://www.indianexaminfo.com/entrance-exam/design/uceed/result,www,/entrance-exam/design/uceed/result,0,1,0.0,10.0
https://www.indianexaminfo.com/entrance-exam/engineering/ts-eapcet/notification,www,/entrance-exam/engineering/ts-eapcet/notification,0,1,0.0,10.0
https://www.indianexaminfo.com/entrance-exam/university-entrance/npat/admit-card,www,/entrance-exam/university-entrance/npat/admit-card,0,1,0.0,10.0
https://www.indianexaminfo.com/entrance-exam/university-entrance/pu-cet-ug/admit-card,www,/entrance-exam/university-entrance/pu-cet-ug/admit-card,0,1,0.0,10.0
https://www.indianexaminfo.com/sarkari-naukri/rrb-group-d-2026-result,www,/sarkari-naukri/rrb-group-d-2026-result,0,1,0.0,10.0
https://www.indianexaminfo.com/entrance-exam/agriculture/cg-pre-agri/previous-papers,www,/entrance-exam/agriculture/cg-pre-agri/previous-papers,0,1,0.0,11.0
https://www.indianexaminfo.com/entrance-exam/law/aibe/application,www,/entrance-exam/law/aibe/application,0,1,0.0,11.0
https://www.indianexaminfo.com/entrance-exam/law/ailet,www,/entrance-exam/law/ailet,0,1,0.0,11.0
https://www.indianexaminfo.com/entrance-exam/management/tancet/cutoff,www,/entrance-exam/management/tancet/cutoff,0,1,0.0,11.0
https://www.indianexaminfo.com/entrance-exam/university-entrance/pu-cet-ug/syllabus,www,/entrance-exam/university-entrance/pu-cet-ug/syllabus,0,1,0.0,11.0
https://www.indianexaminfo.com/sarkari-naukri/madhya-pradesh-forest-guard-field-2026-hoshangabad,www,/sarkari-naukri/madhya-pradesh-forest-guard-field-2026-hoshangabad,0,1,0.0,11.0
https://www.indianexaminfo.com/entrance-exam/law/lfat/application,www,/entrance-exam/law/lfat/application,0,1,0.0,14.0
https://www.indianexaminfo.com/entrance-exam/university-entrance/cuet-ug/syllabus,www,/entrance-exam/university-entrance/cuet-ug/syllabus,0,1,0.0,20.0
https://www.indianexaminfo.com/entrance-exam/engineering/cg-pet/admit-card,www,/entrance-exam/engineering/cg-pet/admit-card,0,1,0.0,23.0
https://www.indianexaminfo.com/entrance-exam/university-entrance/pessat/syllabus,www,/entrance-exam/university-entrance/pessat/syllabus,0,1,0.0,27.0
https://www.indianexaminfo.com/entrance-exam/law/klee/syllabus,www,/entrance-exam/law/klee/syllabus,0,1,0.0,28.0
https://www.indianexaminfo.com/entrance-exam/university-entrance/ojee/result,www,/entrance-exam/university-entrance/ojee/result,0,1,0.0,29.0
https://indianexaminfo.com/entrance-exam/engineering/gate/admit-card,apex,/entrance-exam/engineering/gate/admit-card,0,1,0.0,38.0
https://www.indianexaminfo.com/entrance-exam/medical/niper-jee/syllabus,www,/entrance-exam/medical/niper-jee/syllabus,0,1,0.0,46.0
https://www.indianexaminfo.com/entrance-exam/university-entrance/amu-entrance/application,www,/entrance-exam/university-entrance/amu-entrance/application,0,1,0.0,48.0
https://indianexaminfo.com/entrance-exam/research-fellowships/jest/syllabus,apex,/entrance-exam/research-fellowships/jest/syllabus,0,1,0.0,50.0
https://indianexaminfo.com/sarkari-naukri/sebi-grade-a-2026-phase1-result,apex,/sarkari-naukri/sebi-grade-a-2026-phase1-result,0,1,0.0,54.0
https://www.indianexaminfo.com/entrance-exam/law/klee/application,www,/entrance-exam/law/klee/application,0,1,0.0,54.0
https://www.indianexaminfo.com/entrance-exam/agriculture/jk-cet/admit-card,www,/entrance-exam/agriculture/jk-cet/admit-card,0,1,0.0,56.0
https://www.indianexaminfo.com/entrance-exam/engineering/assam-cee/answer-key,www,/entrance-exam/engineering/assam-cee/answer-key,0,1,0.0,56.0
https://www.indianexaminfo.com/entrance-exam/law/slat/application,www,/entrance-exam/law/slat/application,0,1,0.0,56.0
https://indianexaminfo.com/entrance-exam/research-fellowships/iiser-iat/application,apex,/entrance-exam/research-fellowships/iiser-iat/application,0,1,0.0,60.0
https://www.indianexaminfo.com/entrance-exam/medical/niper-jee/admit-card,www,/entrance-exam/medical/niper-jee/admit-card,0,1,0.0,61.0
https://www.indianexaminfo.com/entrance-exam/research-fellowships/csir-net/application,www,/entrance-exam/research-fellowships/csir-net/application,0,1,0.0,61.0
https://www.indianexaminfo.com/sarkari-naukri/state/andhra-pradesh,www,/sarkari-naukri/state/andhra-pradesh,0,1,0.0,61.0
https://www.indianexaminfo.com/entrance-exam/university-entrance/christ-cuet/notification,www,/entrance-exam/university-entrance/christ-cuet/notification,0,1,0.0,64.0
https://www.indianexaminfo.com/entrance-exam/university-entrance/met-manipal/admit-card,www,/entrance-exam/university-entrance/met-manipal/admit-card,0,1,0.0,71.0
https://www.indianexaminfo.com/entrance-exam/defence-entrance/afcat/admit-card,www,/entrance-exam/defence-entrance/afcat/admit-card,0,1,0.0,86.0
https://www.indianexaminfo.com/entrance-exam/management/ipmat-indore/syllabus,www,/entrance-exam/management/ipmat-indore/syllabus,0,1,0.0,96.0
