slug,title,gsc_clicks,gsc_impressions,parsed_notification,parsed_start,parsed_end,confidence,snippet_notification,snippet_start,snippet_end
up-swasthya-vibhag-ambulance-driver-2026,"UP Health Department 108 Ambulance Driver 2026 – 1,200 Posts",186,2786,,,,none,"","",""
bihar-mgnrega-rozgar-sewak-2026,"Bihar MGNREGA Rozgar Sewak 2026 – 4,000 Posts",72,2266,,,,none,"","",""
rajasthan-health-dept-radiographer-2026,"Rajasthan Health Department Radiographer 2026 – 800 Posts",47,1210,,,,none,"","",""
west-bengal-gram-panchayat-sahayak-2026,"West Bengal Gram Panchayat Sahayak Recruitment 2026 – 5,000 Posts",43,1699,,,,none,"","",""
gujarat-anganwadi-worker-helper-bharti-2026-ahmedabad,"Gujarat Anganwadi Recruitment 2026 Ahmedabad District – 920 Posts",34,1287,,,,none,"","",""
up-nagar-nigam-safai-karmi-2026-kanpur,"UP Nagar Nigam Safai Karmi Recruitment 2026 Kanpur – 1,200 Posts",31,990,,,,none,"","",""
up-nagar-nigam-safai-karmi-2026-lucknow,"UP Nagar Nigam Safai Karmi 2026 Lucknow – 1,100 Posts",28,1852,,,,none,"","",""
uttarakhand-anganwadi-bharti-2026-haridwar,"Uttarakhand Anganwadi 2026 Haridwar District – 420 Posts",24,793,,,,none,"","",""
jharkhand-forest-guard-2026,"Jharkhand Forest Guard Recruitment 2026 – 650 Posts",21,564,,,,none,"","",""
chhattisgarh-mitanin-asha-bharti-2026-raipur,"Chhattisgarh Mitanin (ASHA) Worker Recruitment 2026 Raipur Division",20,528,,,,none,"","",""
up-asha-bharti-2026-gorakhpur-division,"UP ASHA Worker Recruitment 2026 Gorakhpur Division – 720 Posts",17,374,,,,none,"","",""
up-district-hospital-ward-boy-2026-gorakhpur,"UP District Hospital Ward Boy/Attendant Recruitment 2026 Gorakhpur",17,334,,,,none,"","",""
tamil-nadu-anganwadi-worker-2026-chennai,"Tamil Nadu Anganwadi Worker/Helper Recruitment 2026 Chennai – 750 Posts",16,608,,,,none,"","",""
up-swasthya-vibhag-pharmacist-2026,"UP Swasthya Vibhag Pharmacist Recruitment 2026 – 2,100 Posts",16,291,,,,none,"","",""
mp-gds-bharti-2026-jabalpur-division,"MP GDS 2026 Jabalpur Postal Division – 620 Posts",15,661,,,,none,"","",""
mp-mahila-supervisor-icds-2026,"MP Mahila Supervisor (ICDS) 2026 – 1,500 Posts",14,331,,,,none,"","",""
up-nagar-palika-parishad-clerk-2026,"UP Nagar Palika Parishad Clerk/DEO Recruitment 2026 – 2,400 Posts",13,130,,,,none,"","",""
up-district-court-peon-2026-kanpur,"UP District Court Peon/Group D 2026 Kanpur – 88 Posts",12,99,,,,none,"","",""
rajasthan-pwd-work-charged-2026,"Rajasthan PWD Work-Charged Staff (Beldar/Helper) 2026 – 2,200 Posts",11,667,,,,none,"","",""
up-gramin-dak-sevak-2026-kanpur-division,"UP GDS 2026 Kanpur Postal Division – 680 Posts",8,186,,,,none,"","",""
up-bal-vikas-supervisor-2026,"UP Bal Vikas Pustak Adhikari (Supervisor) 2026 – 2,800 Posts",5,101,,,,none,"","",""
up-asha-worker-bharti-2026-varanasi,"UP ASHA Worker Recruitment 2026 Varanasi District – 485 Posts",4,83,,,,none,"","",""
up-mgnrega-rozgar-sevak-2026,"UP MGNREGA Gram Rozgar Sevak 2026 – 6,500 Posts",4,131,,,,none,"","",""
rajasthan-rajiv-gandhi-seva-kendra-operator-2026,"Rajasthan RGSK (E-Mitra) Operator Recruitment 2026 – 3,500 Posts",3,180,,,,none,"","",""
chhattisgarh-zila-panchayat-deo-2026,"Chhattisgarh Zila Panchayat DEO/Computer Operator 2026 – 800 Posts",2,14,,,,none,"","",""
haryana-gram-sachiv-bharti-2026,"Haryana Gram Sachiv (Canal Patwari) Recruitment 2026 – 1,600 Posts",2,58,,,,none,"","",""
rajasthan-police-constable-driver-2026,"Rajasthan Police Constable Driver Recruitment 2026 – 750 Posts",2,120,,,,none,"","",""
up-block-development-office-clerk-2026,"UP Block Development Office Clerk/Accountant Recruitment 2026 – 1,800 Posts",2,26,,,,none,"","",""
up-nagar-nigam-jal-kal-pump-operator-2026,"UP Nagar Nigam Jal Kal Pump Operator 2026 – 1,500 Posts",2,48,,,,none,"","",""
bihar-anganwadi-bharti-2026-east-champaran,"Bihar Anganwadi 2026 East Champaran (Motihari) – 720 Posts",1,60,,,,none,"","",""
bihar-district-court-peon-2026-all-districts,"Bihar District Court Peon/Group D 2026 All Districts – 1,800 Posts",1,12,,,,none,"","",""
delhi-police-constable-2026-result,"Delhi Police Constable Executive 2026 Written Result",1,29,,,,none,"","",""
rajasthan-forest-guard-vanrakshak-2026,"Rajasthan Forest Guard (Vanrakshak) Recruitment 2026 – 1,100 Posts",1,62,,,,none,"","",""
rajasthan-jal-sansthan-pump-operator-2026,"Rajasthan Jal Sansthan Pump Operator 2026 – 800 Posts",1,10,,,,none,"","",""
up-gram-panchayat-sahayak-bharti-2026,"UP Gram Panchayat Sahayak (VDO) Recruitment 2026 – 3,800 Posts",1,65,,,,none,"","",""
up-tehsil-office-peon-clerk-2026,"UP Tehsil Office Peon/Clerk Recruitment 2026 – 3,000 Posts",1,99,,,,none,"","",""
aiims-norcet-2026-stage1-result,"AIIMS NORCET 2026 Stage-I Result",0,0,,,,none,"","",""
andhra-pradesh-anganwadi-2026-visakhapatnam,"AP Anganwadi Worker Helper Recruitment 2026 Visakhapatnam – 550 Posts",0,52,,,,none,"","",""
andhra-pradesh-grama-sachivalayam-2026,"AP Grama/Ward Sachivalayam Recruitment 2026 – 8,500 Posts",0,0,,,,none,"","",""
andhra-pradesh-village-revenue-officer-2026,"AP Village Revenue Officer (VRO) Recruitment 2026 – 2,200 Posts",0,0,,,,none,"","",""
assam-anganwadi-2026-dibrugarh,"Assam Anganwadi 2026 Dibrugarh District – 320 Posts",0,0,,,,none,"","",""
assam-anganwadi-2026-nagaon,"Assam Anganwadi 2026 Nagaon District – 380 Posts",0,0,,,,none,"","",""
assam-anganwadi-worker-helper-2026-guwahati,"Assam Anganwadi Worker & Helper Recruitment 2026 Kamrup Metro",0,0,,,,none,"","",""
bihar-anganwadi-bharti-2026-bhagalpur,"Bihar Anganwadi Sevika Sahayika Bharti 2026 Bhagalpur – 520 Posts",0,0,,,,none,"","",""
bihar-anganwadi-bharti-2026-darbhanga,"Bihar Anganwadi Bharti 2026 Darbhanga District – 750 Posts",0,0,,,,none,"","",""
bihar-anganwadi-bharti-2026-gaya,"Bihar Anganwadi Sevika Sahayika Bharti 2026 Gaya District – 680 Posts",0,0,,,,none,"","",""
bihar-anganwadi-bharti-2026-purnia,"Bihar Anganwadi 2026 Purnia District – 580 Posts",0,0,,,,none,"","",""
bihar-anganwadi-bharti-2026-vaishali,"Bihar Anganwadi 2026 Vaishali District – 450 Posts",0,0,,,,none,"","",""
bihar-anganwadi-sevika-sahayika-2026-patna,"Bihar Anganwadi Sevika Sahayika Bharti 2026 Patna District",0,0,,,,none,"","",""
bihar-asha-bharti-2026-darbhanga,"Bihar ASHA Worker Recruitment 2026 Darbhanga – 380 Posts",0,0,,,,none,"","",""
bihar-asha-bharti-2026-muzaffarpur,"Bihar ASHA Worker Recruitment 2026 Muzaffarpur – 420 Posts",0,0,,,,none,"","",""
bihar-block-office-computer-operator-2026,"Bihar Block Office Computer Operator Recruitment 2026 – 1,500 Posts",0,0,,,,none,"","",""
bihar-district-court-clerk-2026-all-districts,"Bihar District Court Clerk/Aamin Recruitment 2026 All Districts – 2,200 Posts",0,0,,,,none,"","",""
bihar-district-court-peon-2026-muzaffarpur,"Bihar District Court Peon/Group D 2026 Muzaffarpur – 85 Posts",0,0,,,,none,"","",""
bihar-forest-guard-vanpal-2026,"Bihar Forest Guard (Van-Pal) Recruitment 2026 – 900 Posts",0,0,,,,none,"","",""
bihar-gds-bharti-2026,"Bihar Gramin Dak Sevak (GDS) Recruitment 2026 – 3,500 Posts",0,94,,,,none,"","","Application Closed. Portal: indiapostgdsonline.gov.in"
bihar-gds-bharti-2026-patna-division,"Bihar GDS 2026 Patna Postal Division – 680 Posts",0,0,,,,none,"","",""
bihar-gram-kachahri-sachiv-bharti-2026,"Bihar Gram Kachahri Sachiv Recruitment 2026 – 2,500 Posts",0,0,,,,none,"","",""
bihar-gramin-dak-sevak-2026-muzaffarpur-div,"Bihar GDS 2026 Muzaffarpur Division – 620 Posts",0,0,,,,none,"","",""
bihar-health-dept-anm-bharti-2026-muzaffarpur,"Bihar Health Department ANM Recruitment 2026 Muzaffarpur – 320 Posts",0,0,,,,none,"","",""
bihar-home-guard-bharti-2026,"Bihar Home Guard Recruitment 2026 – 5,000 Posts",0,0,,,,none,"","",""
bihar-hospital-group-d-2026-all-districts,"Bihar Hospital Group D (Ward Sahayak) 2026 All Districts – 4,200 Posts",0,3,,,,none,"","",""
bihar-jal-jeevan-hariyali-pump-operator-2026,"Bihar Jal Jeevan Hariyali Pump Operator/Mechanic 2026 – 2,000 Posts",0,0,,,,none,"","",""
bihar-mukhiya-sachiv-sahayak-2026,"Bihar Mukhiya Sachiv (Panchayat Assistant) 2026 – 3,000 Posts",0,0,,,,none,"","",""
bihar-nagar-nigam-safai-karmi-2026-patna,"Bihar Nagar Nigam Safai Karmi Recruitment 2026 Patna – 680 Posts",0,0,,,,none,"","",""
bihar-nagar-parishad-clerk-2026-all,"Bihar Nagar Parishad Clerk/DEO 2026 All Municipalities – 1,500 Posts",0,0,,,,none,"","",""
bihar-nagar-parishad-safai-karmi-2026-gaya,"Bihar Nagar Parishad Safai Karmi 2026 Gaya – 350 Posts",0,0,,,,none,"","",""
bihar-nhm-anm-bharti-2026-all-districts,"Bihar NHM ANM Recruitment 2026 All Districts – 4,500 Posts",0,0,,,,none,"","",""
bihar-nhm-lab-technician-2026,"Bihar NHM Lab Technician 2026 All Districts – 1,800 Posts",0,0,,,,none,"","",""
bihar-police-constable-driver-2026,"Bihar Police Constable (Driver) 2026 – 600 Posts",0,0,,,,none,"","",""
bihar-road-construction-dept-beldar-2026,"Bihar Road Construction Dept Beldar/Helper 2026 – 3,000 Posts",0,0,,,,none,"","",""
bihar-tehsil-anchal-karmchari-2026,"Bihar Anchal/Tehsil Office Staff Recruitment 2026 – 2,400 Posts",0,0,,,,none,"","",""
bpsc-cce-2026-prelims-result,"BPSC Combined Competitive Exam 2026 Prelims Result",0,0,,,,none,"","",""
cg-asha-bharti-2026-durg,"Chhattisgarh Mitanin (ASHA) Recruitment 2026 Durg – 340 Posts",0,0,,,,none,"","",""
cg-nhm-pharmacist-bharti-2026,"Chhattisgarh NHM Pharmacist Recruitment 2026 – 650 Posts",0,0,,,,none,"","",""
chhattisgarh-anganwadi-bharti-2026-raipur,"Chhattisgarh Anganwadi Worker Helper Recruitment 2026 Raipur",0,0,,,,none,"","",""
chhattisgarh-district-court-peon-2026-bilaspur,"Chhattisgarh High Court Group C & D 2026 Bilaspur – 58 Driver/Lift Man Posts",0,0,,,,none,"","",""
chhattisgarh-district-court-peon-2026-raipur,"Chhattisgarh District Court Peon 2026 Raipur – 68 Posts",0,0,,,,none,"","",""
chhattisgarh-forest-guard-2026-all-divisions,"Chhattisgarh Forest Guard (Van Rakshak) 2026 All Divisions – 800 Posts",0,0,,,,none,"","",""
chhattisgarh-gram-panchayat-sachiv-2026,"Chhattisgarh Gram Panchayat Sachiv Recruitment 2026 – 1,500 Posts",0,0,,,,none,"","",""
chhattisgarh-nagar-palika-safai-2026-raipur,"Chhattisgarh Nagar Palika Safai Karmachari 2026 Raipur – 450 Posts",0,0,,,,none,"","",""
crpf-constable-tradesman-2026-result,"CRPF Constable Technical & Tradesmen 2026 Result",0,0,,,,none,"","",""
csir-net-june-2026-result,"CSIR NET June 2026 Result",0,15,,,,none,"","",""
ctet-july-2026-result,"CTET July 2026 Result",0,0,,,,none,"","",""
drdo-ceptam-2026-result,"DRDO CEPTAM STA-B 2026 Written Result",0,0,,,,none,"","",""
esic-nursing-officer-2026-result,"ESIC Nursing Officer 2026 CBT Result",0,0,,,,none,"","",""
fci-ag3-2026-phase1-result,"FCI Assistant Grade 3 Phase-I Result 2026",0,0,,,,none,"","",""
gujarat-anganwadi-2026-rajkot,"Gujarat Anganwadi Recruitment 2026 Rajkot District – 550 Posts",0,0,,,,none,"","",""
gujarat-anganwadi-2026-surat,"Gujarat Anganwadi Recruitment 2026 Surat District – 750 Posts",0,0,,,,none,"","",""
gujarat-asha-worker-bharti-2026-surat,"Gujarat ASHA Worker Recruitment 2026 Surat District – 480 Posts",0,0,,,,none,"","",""
gujarat-district-court-peon-2026-ahmedabad,"Gujarat District Court Peon/Class IV Recruitment 2026 Ahmedabad – 95 Posts",0,0,,,,none,"","",""
gujarat-nagar-palika-clerk-2026-rajkot,"Gujarat Nagar Palika Clerk/Accountant 2026 Rajkot – 180 Posts",0,0,,,,none,"","",""
gujarat-nagar-palika-safai-2026-vadodara,"Gujarat Nagar Palika Safai Karmachari 2026 Vadodara – 550 Posts",0,0,,,,none,"","",""
gujarat-st-bus-driver-conductor-2026,"Gujarat ST Bus Driver/Conductor 2026 – 1,500 Posts",0,0,,,,none,"","",""
gujarat-talati-cum-mantri-bharti-2026,"Gujarat Talati cum Mantri (Village Secretary) Recruitment 2026 – 3,400 Posts",0,0,,,,none,"","",""
gujarat-talati-mantri-2026-north-gujarat,"Gujarat Talati cum Mantri 2026 North Gujarat – 900 Posts",0,0,,,,none,"","",""
gujarat-talati-mantri-2026-saurashtra,"Gujarat Talati cum Mantri 2026 Saurashtra Region – 1,200 Posts",0,0,,,,none,"","",""
haryana-anganwadi-bharti-2026-gurugram,"Haryana Anganwadi Recruitment 2026 Gurugram District – 580 Posts",0,0,,,,none,"","",""
haryana-anganwadi-bharti-2026-hisar,"Haryana Anganwadi Recruitment 2026 Hisar District – 450 Posts",0,0,,,,none,"","",""
haryana-bijli-vibhag-helper-2026,"Haryana Bijli Vibhag Helper/Lineman 2026 – 1,500 Posts",0,0,,,,none,"","",""
haryana-gram-sachiv-panchayat-2026-all-dist,"Haryana Gram Sachiv (Panchayat Sec) 2026 All Districts – 2,200 Posts",0,0,,,,none,"","",""
haryana-patwari-bharti-2026,"Haryana Patwari Recruitment 2026 – 1,800 Posts via HSSC",0,0,,,,none,"","",""
haryana-police-constable-driver-2026,"Haryana Police Constable (Driver) 2026 – 500 Posts",0,0,,,,none,"","",""
himachal-pradesh-panchayat-sahayak-2026,"HP Panchayat Sahayak Recruitment 2026 – 1,100 Posts",0,0,,,,none,"","",""
hpcl-engineer-2026-result,"HPCL Engineer 2026 CBT Result",0,0,,,,none,"","",""
ibps-clerk-2026-prelims-result,"IBPS Clerk (CSA) 2026 Prelims Result",0,32,,,,none,"","",""
ibps-po-2026-prelims-result,"IBPS PO 2026 Prelims Result",0,0,,,,none,"","",""
ibps-rrb-clerk-2026-prelims-result,"IBPS RRB Office Assistant 2026 Prelims Result",0,0,,,,none,"","",""
ibps-rrb-po-2026-prelims-result,"IBPS RRB Officer Scale I 2026 Prelims Result",0,0,,,,none,"","",""
ibps-so-2026-prelims-result,"IBPS Specialist Officers 2026 Prelims Result",0,0,,,,none,"","",""
isro-scientist-2026-result,"ISRO Scientist/Engineer SC 2026 Written Exam Result",0,0,,,,none,"","",""
jharkhand-anganwadi-bharti-2026-dhanbad,"Jharkhand Anganwadi Recruitment 2026 Dhanbad District – 420 Posts",0,0,,,,none,"","",""
jharkhand-anganwadi-sevika-sahayika-2026-ranchi,"Jharkhand Anganwadi Sevika Sahayika Bharti 2026 Ranchi",0,0,,,,none,"","",""
jharkhand-district-court-peon-2026-ranchi,"Jharkhand District Court Peon/Orderly 2026 Ranchi – 92 Posts",0,0,,,,none,"","",""
jharkhand-nagar-nigam-safai-2026-ranchi,"Jharkhand Nagar Nigam Safai Karmachari 2026 Ranchi – 380 Posts",0,0,,,,none,"","",""
jharkhand-panchayat-secretary-bharti-2026,"Jharkhand Panchayat Secretary Recruitment 2026 – 1,800 Posts",0,0,,,,none,"","",""
karnataka-anganwadi-2026-belgaum,"Karnataka Anganwadi Recruitment 2026 Belagavi District – 620 Posts",0,110,,,,none,"","",""
karnataka-anganwadi-2026-mysore,"Karnataka High Court Group D Recruitment 2026 – 106 Peon/Watchman/Sweeper Posts",0,0,,,2026-07-31,inferred,"","","Last Date to Apply Online: July 31, 2026 Posts: Peon, Watchman, Sweeper, Lift Attender, Asst Binder,"
karnataka-anganwadi-bharti-2026-bangalore,"Karnataka Anganwadi Worker/Helper Recruitment 2026 Bangalore Urban",0,0,,,,none,"","",""
karnataka-gram-panchayat-secretary-2026,"Karnataka Gram Panchayat Secretary (PDO) Recruitment 2026 – 2,800 Posts",0,0,,,,none,"","",""
karnataka-ksrtc-driver-conductor-2026,"Karnataka KSRTC Driver/Conductor 2026 – 2,500 Posts",0,0,,,,none,"","",""
karnataka-nagar-palike-pourakarmikas-2026-mysore,"Karnataka Nagar Palike Pourakarmikas 2026 Mysore – 420 Posts",0,0,,,,none,"","",""
karnataka-pdgo-grade-2-village-accountant-2026,"Karnataka Village Accountant (VA) Recruitment 2026 – 1,500 Posts",0,7,,,,none,"","",""
kerala-anganwadi-worker-helper-2026-ernakulam,"Kerala Anganwadi Worker & Helper Recruitment 2026 Ernakulam",0,0,,,,none,"","",""
lic-aao-2026-prelims-result,"LIC AAO 2026 Prelims Result",0,0,,,,none,"","",""
lic-ado-2026-prelims-result,"LIC ADO 2026 Prelims Result",0,0,,,,none,"","",""
madhya-pradesh-forest-guard-field-2026-hoshangabad,"MP Forest Field Guard Recruitment 2026 Hoshangabad Division – 450 Posts",0,1,,,,none,"","",""
madhya-pradesh-patwari-halka-2026-sagar,"MP Patwari (Revenue Inspector) Recruitment 2026 Sagar Division – 850 Posts",0,0,,,,none,"","",""
maharashtra-asha-worker-bharti-2026-thane,"Maharashtra ASHA Worker Recruitment 2026 Thane District – 520 Posts",0,0,,,,none,"","",""
maharashtra-district-court-peon-2026-mumbai,"Maharashtra District Court Peon/Hamal Recruitment 2026 Mumbai – 180 Posts",0,0,,,,none,"","",""
maharashtra-gram-sevak-2026-marathwada,"Maharashtra Gram Sevak 2026 Marathwada Region – 1,200 Posts",0,0,,,,none,"","",""
maharashtra-gram-sevak-2026-vidarbha,"Maharashtra Gram Sevak 2026 Vidarbha Region – 1,500 Posts",0,0,,,,none,"","",""
maharashtra-gramsevak-bharti-2026-all-zp,"Maharashtra Gram Sevak Recruitment 2026 All Zila Parishads – 5,200 Posts",0,0,,,,none,"","",""
maharashtra-msrtc-driver-conductor-2026,"Maharashtra MSRTC Driver/Conductor 2026 – 3,000 Posts",0,0,,,,none,"","",""
maharashtra-nagar-parishad-clerk-peon-2026-nashik,"Maharashtra Nagar Parishad Clerk/Peon 2026 Nashik – 250 Posts",0,0,,,,none,"","",""
maharashtra-primary-health-centre-mphw-2026,"Maharashtra PHC Multi-Purpose Health Worker 2026 – 2,200 Posts",0,0,,,,none,"","",""
maharashtra-talathi-2026-result,"Maharashtra Talathi 2026 CBT Result",0,0,,,,none,"","",""
maharashtra-talathi-revenue-2026-amravati,"Maharashtra Talathi Recruitment 2026 Amravati Division – 850 Posts",0,0,,,,none,"","",""
maharashtra-zila-parishad-group-d-2026-pune,"Maharashtra Zila Parishad Group D Recruitment 2026 Pune – 320 Posts",0,0,,,,none,"","",""
maharashtra-zp-group-c-bharti-2026-nagpur,"Maharashtra ZP Group C Recruitment 2026 Nagpur – 450 Posts",0,0,,,,none,"","",""
maharashtra-zp-group-c-d-2026-ahmednagar,"Maharashtra ZP Group C & D 2026 Ahmednagar District – 380 Posts",0,0,,,,none,"","",""
maharashtra-zp-group-c-d-2026-jalgaon,"Maharashtra ZP Group C & D 2026 Jalgaon District – 350 Posts",0,0,,,,none,"","",""
maharashtra-zp-group-d-2026-aurangabad,"Maharashtra ZP Group D 2026 Chhatrapati Sambhajinagar – 240 Posts",0,0,,,,none,"","",""
maharashtra-zp-group-d-2026-kolhapur,"Maharashtra ZP Group D 2026 Kolhapur District – 195 Posts",0,0,,,,none,"","",""
maharashtra-zp-group-d-2026-nashik,"Maharashtra Tribal Dept Chowkidar Recruitment 2026 Nashik – 478 Posts",0,0,,,,none,"","",""
maharashtra-zp-group-d-2026-raigad,"Maharashtra ZP Group D 2026 Raigad District – 175 Posts",0,0,,,,none,"","",""
maharashtra-zp-group-d-2026-satara,"Maharashtra ZP Group D 2026 Satara District – 210 Posts",0,0,,,,none,"","",""
maharashtra-zp-group-d-2026-solapur,"Maharashtra ZP Group D 2026 Solapur District – 230 Posts",0,0,,,,none,"","",""
maharashtra-zp-group-d-2026-thane,"Maharashtra ZP Group D 2026 Thane District – 280 Posts",0,0,,,,none,"","",""
maharashtra-zp-health-worker-2026-sangli,"Maharashtra ZP Health Worker (Male/Female) 2026 Sangli – 180 Posts",0,0,,,,none,"","",""
mp-anganwadi-bharti-2026-bhopal-indore,"MP Anganwadi Recruitment 2026 – Bhopal & Indore Division 2,100 Posts",0,0,,2026-07-01,2026-07-11,exact label match,"","Application Start: July 1, 2026 Last Date: July 11, 2026 (extended for some districts) Eligibility W","Last Date: July 11, 2026 (extended for some districts) Eligibility Worker: 12th Pass minimum, age 18"
mp-anganwadi-bharti-2026-gwalior-chambal,"MP Anganwadi Recruitment 2026 Gwalior-Chambal Division – 1,200 Posts",0,0,,,,none,"","",""
mp-anganwadi-bharti-2026-jabalpur-division,"MP Anganwadi Recruitment 2026 Jabalpur Division – 1,500 Posts",0,0,,,,none,"","",""
mp-anganwadi-bharti-2026-rewa-division,"MP Anganwadi 2026 Rewa Division – 1,100 Posts",0,0,,,,none,"","",""
mp-asha-worker-bharti-2026-jabalpur,"MP ASHA Worker Recruitment 2026 Jabalpur Division – 950 Posts",0,0,,,,none,"","",""
mp-district-court-peon-group-d-2026-gwalior,"MP District Court Peon Group D Recruitment 2026 Gwalior",0,0,,,,none,"","",""
mp-district-hospital-lab-assistant-2026,"MP District Hospital Lab Assistant/Technician 2026 All Districts – 1,200 Posts",0,0,,,,none,"","",""
mp-electricity-lineman-2026,"MP Vidyut Vibhag Lineman Recruitment 2026 – 2,800 Posts",0,0,,,,none,"","",""
mp-forest-guard-bharti-2026,"MP Forest Guard (Van Rakshak) Recruitment 2026 – 1,800 Posts",0,0,,,,none,"","",""
mp-gds-bharti-2026,"MP Gramin Dak Sevak (GDS) Recruitment 2026 – 3,100 Posts",0,0,,,,none,"","",""
mp-govt-driver-bharti-2026-transport-dept,"MP Government Driver Recruitment 2026 Transport Department – 420 Posts",0,0,,,,none,"","",""
mp-guest-faculty-samvida-shikshak-2026,"MP Samvida Shikshak (Guest Faculty) Group 3 2026 – 8,000 Posts",0,0,,,,none,"","",""
mp-home-guard-bharti-2026,"MP Home Guard Recruitment 2026 – 4,200 Posts",0,0,,,,none,"","",""
mp-hospital-group-d-2026-all-districts,"MP Hospital Group D (Ward Boy/Aya/Sweeper) 2026 – 2,800 Posts",0,0,,,,none,"","",""
mp-hospital-sweeper-group-d-2026,"MP Government Hospital Sweeper/Group D 2026 – 2,000 Posts",0,0,,,,none,"","",""
mp-jail-prahari-bharti-2026,"MP Jail Prahari (Prison Guard) Recruitment 2026 – 1,200 Posts",0,0,,,,none,"","",""
mp-nagar-nigam-bhopal-safai-2026,"MP Nagar Nigam Bhopal Safai Karmachari 2026 – 900 Posts",0,0,,,,none,"","",""
mp-nagar-nigam-indore-safai-karmi-2026,"MP Nagar Nigam Indore Safai Karmachari Recruitment 2026 – 1,500 Posts",0,0,,,,none,"","",""
mp-nagar-palika-various-post-2026-bhopal,"MP Nagar Palika Various Posts Recruitment 2026 Bhopal Region",0,0,,,,none,"","",""
mp-nhm-cho-bharti-2026,"MP NHM Community Health Officer 2026 – 3,200 Posts",0,0,,,,none,"","",""
mp-nhm-lab-technician-2026-all-districts,"MP NHM Lab Technician Recruitment 2026 All Districts – 1,800 Posts",0,0,,,,none,"","",""
mp-patwari-2026-result,"MP Patwari 2026 CBT Result",0,0,,,,none,"","",""
mp-patwari-bharti-2026-bhopal-division,"MP Patwari 2026 Bhopal Division – 720 Posts",0,0,,,,none,"","",""
mp-patwari-bharti-2026-indore-division,"MP Patwari 2026 Indore Division – 680 Posts",0,0,,,,none,"","",""
mp-police-constable-driver-2026,"MP Police Constable (Driver) 2026 – 800 Posts",0,0,,,,none,"","",""
mp-pwd-beldar-helper-2026,"MP PWD Beldar/Peon/Helper 2026 – 1,800 Posts",0,0,,,,none,"","",""
mp-roadways-driver-conductor-2026,"MP Roadways (MPSRTC) Driver/Conductor 2026 – 2,000 Posts",0,0,,,,none,"","",""
mpsc-2026-prelims-result,"MPSC State Services 2026 Prelims Result",0,0,,,,none,"","",""
nabard-grade-a-2026-prelims-result,"NABARD Grade A 2026 Prelims Result",0,0,,,,none,"","",""
niacl-ao-2026-prelims-result,"NIACL Administrative Officer 2026 Prelims Result",0,0,,,,none,"","",""
odisha-anganwadi-2026-cuttack,"Odisha Anganwadi Recruitment 2026 Cuttack District – 450 Posts",0,0,,,,none,"","",""
odisha-anganwadi-2026-ganjam,"Odisha Anganwadi 2026 Ganjam District – 520 Posts",0,0,,,,none,"","",""
odisha-anganwadi-worker-helper-2026-bhubaneswar,"Odisha Anganwadi Worker & Helper Recruitment 2026 Khordha District",0,0,,,,none,"","",""
odisha-gram-rozgar-sevak-2026,"Odisha Gram Rozgar Sevak (GRS) Recruitment 2026 – 2,200 Posts",0,0,,,,none,"","",""
punjab-anganwadi-bharti-2026-ludhiana,"Punjab Anganwadi Recruitment 2026 Ludhiana District – 520 Posts",0,0,,,,none,"","",""
punjab-gram-sevak-bharti-2026,"Punjab Gram Sewak Recruitment 2026 – 1,400 Posts",0,0,,,,none,"","",""
rajasthan-ambulance-driver-108-2026,"Rajasthan 108 Ambulance Driver 2026 – 700 Posts",0,0,,,,none,"","",""
rajasthan-anganwadi-bharti-2026-ajmer,"Rajasthan Anganwadi Recruitment 2026 Ajmer District – 720 Posts",0,0,,,,none,"","",""
rajasthan-anganwadi-bharti-2026-bikaner,"Rajasthan Anganwadi 2026 Bikaner District – 680 Posts",0,0,,,,none,"","",""
rajasthan-anganwadi-bharti-2026-kota,"Rajasthan Anganwadi 2026 Kota District – 520 Posts",0,0,,,,none,"","",""
rajasthan-anganwadi-bharti-2026-udaipur,"Rajasthan Anganwadi Recruitment 2026 Udaipur District – 980 Posts",0,0,,,,none,"","",""
rajasthan-anganwadi-worker-helper-bharti-2026-jaipur,"Rajasthan Anganwadi Recruitment 2026 Jaipur District – 1,250 Posts",0,0,,,2026-07-05,inferred,"","","Last Date: July 5, 2026 Merit List: July 20, 2026"
rajasthan-asha-sahyogini-bharti-2026-jodhpur,"Rajasthan ASHA Sahyogini Recruitment 2026 Jodhpur District",0,0,,,,none,"","",""
rajasthan-chc-pharmacist-bharti-2026,"Rajasthan CHC/PHC Pharmacist Recruitment 2026 – 1,400 Posts",0,0,,,,none,"","",""
rajasthan-chc-phc-anm-gnm-bharti-2026,"Rajasthan CHC/PHC ANM & GNM Staff Nurse Recruitment 2026 – 3,200 Posts",0,0,,,,none,"","",""
rajasthan-cooperative-bank-clerk-2026,"Rajasthan Cooperative Bank Clerk 2026 – 950 Posts",0,0,,,,none,"","",""
rajasthan-district-court-class4-bharti-2026-jodhpur,"Rajasthan District Court Class IV Recruitment 2026 Jodhpur",0,0,,,,none,"","",""
rajasthan-district-court-peon-2026-jaipur,"Rajasthan District Court Class IV 2026 Jaipur Metropolitan – 110 Posts",0,0,,,,none,"","",""
rajasthan-gds-bharti-2026,"Rajasthan Gramin Dak Sevak (GDS) Recruitment 2026 – 2,800 Posts",0,0,,,,none,"","",""
rajasthan-gds-bharti-2026-jodhpur-division,"Rajasthan GDS 2026 Jodhpur Postal Division – 580 Posts",0,0,,,,none,"","",""
rajasthan-govt-driver-bharti-2026-rsmssb,"Rajasthan Government Driver Recruitment 2026 RSMSSB – 680 Posts",0,0,,,,none,"","",""
rajasthan-gram-sevak-bharti-2026,"Rajasthan Gram Sevak Recruitment 2026 – 4,200 Posts via RSMSSB",0,0,,,,none,"","",""
rajasthan-gramin-dak-sevak-2026-jaipur-division,"Rajasthan GDS 2026 Jaipur Postal Division – 680 Posts",0,0,,,,none,"","",""
rajasthan-gramin-vikas-adhikari-2026,"Rajasthan Gramin Vikas Adhikari (Rural Dev Officer) 2026 – 1,400 Posts",0,0,,,,none,"","",""
rajasthan-home-guard-bharti-2026,"Rajasthan Home Guard Recruitment 2026 – 3,500 Posts",0,0,,,,none,"","",""
rajasthan-hospital-attendant-2026-all-districts,"Rajasthan Hospital Attendant 2026 State Level – 3,000 Posts",0,0,,,,none,"","",""
rajasthan-hospital-attendant-bharti-2026,"Rajasthan Hospital Attendant/Ward Boy Recruitment 2026 – 2,500 Posts",0,0,,,,none,"","",""
rajasthan-hospital-sweeper-2026,"Rajasthan Government Hospital Sweeper 2026 – 1,800 Posts",0,0,,,,none,"","",""
rajasthan-krishi-paryavekshak-2026,"Rajasthan Krishi Paryavekshak (Agriculture Supervisor) 2026 – 1,600 Posts",0,0,,,,none,"","",""
rajasthan-mahila-supervisor-2026,"Rajasthan Mahila Supervisor (ICDS) 2026 – 1,200 Posts",0,0,,,,none,"","",""
rajasthan-medical-college-group-d-2026,"Rajasthan Medical College Group D 2026 – 1,500 Posts",0,0,,,,none,"","",""
rajasthan-mgnrega-mate-bharti-2026,"Rajasthan MGNREGA Mate Recruitment 2026 – 5,000 Posts",0,0,,,,none,"","",""
rajasthan-nagar-palika-safai-2026-udaipur,"Rajasthan Nagar Palika Safai Karmachari 2026 Udaipur – 380 Posts",0,0,,,,none,"","",""
rajasthan-nagar-palika-safai-karmi-2026-jaipur,"Rajasthan Nagar Palika Safai Karmachari Recruitment 2026 Jaipur",0,0,,,,none,"","",""
rajasthan-nagar-palika-tax-collector-2026,"Rajasthan Nagar Palika Tax Collector 2026 – 1,800 Posts",0,0,,,,none,"","",""
rajasthan-nagar-palika-various-2026-kota,"Rajasthan Nagar Palika Kota Various Posts 2026 – 220 Posts",0,0,,,,none,"","",""
rajasthan-nhm-cho-bharti-2026,"Rajasthan NHM Community Health Officer 2026 – 2,800 Posts",0,0,,,,none,"","",""
rajasthan-pashu-paricharak-2026,"Rajasthan Pashu Paricharak (Livestock Attendant) 2026 – 2,000 Posts",0,7,,,,none,"","",""
rajasthan-patwari-bharti-2026-jaipur-division,"Rajasthan Patwari Result 2026 Declared – 3,705 Vacancies (Exam May 17)",0,0,,,,none,"","",""
rajasthan-patwari-bharti-2026-jodhpur-division,"Rajasthan Patwari 2026 Jodhpur Division – 950 Posts",0,0,,,,none,"","",""
rajasthan-phed-pump-operator-2026,"Rajasthan PHED Pump Operator/Mechanic 2026 – 1,100 Posts",0,0,,,,none,"","",""
rajasthan-roadways-driver-2026,"Rajasthan Roadways Driver Recruitment 2026 – 1,200 Posts",0,0,,,,none,"","",""
rajasthan-school-lab-assistant-2026,"Rajasthan Government School Lab Assistant Recruitment 2026 – 1,800 Posts",0,0,,,,none,"","",""
rajasthan-school-peon-chowkidar-2026,"Rajasthan Government School Peon/Chowkidar Recruitment 2026 – 4,800 Posts",0,0,,,,none,"","",""
rajasthan-vidyut-vibhag-helper-2026,"Rajasthan Vidyut Vibhag Helper/Lineman Recruitment 2026 – 2,400 Posts",0,0,,,,none,"","",""
rbi-assistant-2026-prelims-result,"RBI Assistant 2026 Prelims Result",0,0,,,,none,"","",""
rbi-grade-b-2026-phase1-result,"RBI Grade B Phase-I Result 2026",0,0,,,,none,"","",""
rpsc-ras-2026-prelims-result,"RPSC RAS 2026 Prelims Result",0,0,,,,none,"","",""
rrb-alp-2026-cbt2-result,"RRB Assistant Loco Pilot CBT-2 Result 2026",0,0,,,,none,"","",""
rrb-group-d-2026-result,"RRB Group D Level 1 CBT Result 2026",0,1,,,,none,"","",""
rrb-je-2026-cbt1-result,"RRB Junior Engineer CBT-1 Result 2026",0,0,,,,none,"","",""
rrb-ntpc-2026-cbt1-result,"RRB NTPC Graduate Level 2026 CBT-1 Result",0,0,,,,none,"","",""
rrb-ntpc-ug-2026-result,"RRB NTPC Under Graduate Level 2026 CBT-1 Result",0,0,,,,none,"","",""
rrb-paramedical-2026-result,"RRB Paramedical Categories 2026 CBT Result",0,0,,,,none,"","",""
rrb-section-controller-2026-result,"RRB Section Controller 2026 CBT Result",0,0,,,,none,"","",""
rrb-technician-2026-result,"RRB Technician CBT Result 2026",0,0,,,,none,"","",""
sail-mt-2026-result,"SAIL Management Trainee Technical 2026 Result",0,0,,,,none,"","",""
sbi-clerk-2026-prelims-result,"SBI Junior Associates (Clerk) 2026 Prelims Result",0,0,,,,none,"","",""
sbi-po-2026-prelims-result,"SBI PO 2026 Prelims Result Declared",0,0,,,,none,"","",""
sbi-so-2026-result,"SBI Specialist Officers 2026 Written Result",0,0,,,,none,"","",""
sebi-grade-a-2026-phase1-result,"SEBI Grade A Phase-I Result 2026",0,1,,,,none,"","",""
ssc-cgl-2026-tier1-result,"SSC CGL 2026 Tier-I Result Declared",0,0,,,,none,"","",""
ssc-chsl-2026-tier1-result,"SSC CHSL 2026 Tier-I Result",0,2,,,,none,"","",""
ssc-cpo-2026-paper1-result,"SSC CPO Sub-Inspector 2026 Paper-I Result",0,0,,,,none,"","",""
ssc-gd-constable-2027-result,"SSC GD Constable 2027 CBE Result",0,0,,,,none,"","",""
ssc-je-2026-paper1-result,"SSC Junior Engineer 2026 Paper-I Result",0,0,,,,none,"","",""
ssc-jht-2026-paper1-result,"SSC Junior Hindi Translator 2026 Paper-I Result",0,0,,,,none,"","",""
ssc-mts-2026-result,"SSC MTS 2026 CBE Result",0,0,,,,none,"","",""
ssc-selection-post-xiv-result,"SSC Selection Post Phase-XIV 2026 Result",0,0,,,,none,"","",""
ssc-steno-2026-result,"SSC Stenographer Grade C & D 2026 CBE Result",0,0,,,,none,"","",""
tamil-nadu-anganwadi-2026-coimbatore,"Tamil Nadu Anganwadi Worker Helper 2026 Coimbatore – 580 Posts",0,0,,,,none,"","",""
tamil-nadu-anganwadi-2026-madurai,"Tamil Nadu Anganwadi 2026 Madurai District – 520 Posts",0,0,,,,none,"","",""
tamil-nadu-tnstc-driver-conductor-2026,"Tamil Nadu TNSTC Driver/Conductor 2026 – 2,200 Posts",0,0,,,,none,"","",""
tamil-nadu-village-administrative-officer-2026,"Tamil Nadu Village Administrative Officer (VAO) Recruitment 2026 – 1,500 Posts",0,0,,,,none,"","",""
tamil-nadu-village-assistant-2026,"Tamil Nadu Village Assistant Recruitment 2026 – 3,000 Posts",0,0,,,,none,"","",""
telangana-anganwadi-teacher-helper-2026-hyderabad,"Telangana Anganwadi Teacher & Ayah Recruitment 2026 Hyderabad District",0,0,,,,none,"","","deadline. Total Vacancies: 1,986+ (across 12 districts) Apply at: wdcw.tg.nic.in"
telangana-asha-worker-bharti-2026-rangareddy,"Telangana ASHA Worker Recruitment 2026 Rangareddy District – 380 Posts",0,0,,,,none,"","",""
telangana-grama-panchayat-secretary-2026,"Telangana Grama Panchayat Secretary Recruitment 2026 – 1,800 Posts",0,0,,,,none,"","",""
tspsc-group1-2026-prelims-result,"TSPSC Group 1 2026 Prelims Result",0,0,,,,none,"","",""
ugc-net-june-2026-result,"UGC NET June 2026 Result",0,0,,,,none,"","",""
up-aanganwadi-mini-centre-sahayika-2026-bareilly,"UP Mini Anganwadi Centre Sahayika 2026 Bareilly – 350 Posts",0,32,,,,none,"","",""
up-anganwadi-bharti-2026-agra-division,"UP Anganwadi Recruitment 2026 Agra Division – 1,480 Posts",0,0,,,,none,"","",""
up-anganwadi-bharti-2026-faizabad-ayodhya-division,"UP Anganwadi 2026 Ayodhya Division – 1,680 Posts",0,0,,,,none,"","",""
up-anganwadi-bharti-2026-gorakhpur-division,"UP Anganwadi Recruitment 2026 Gorakhpur Division – 2,100 Posts",0,0,,,,none,"","",""
up-anganwadi-bharti-2026-kanpur-division,"UP Anganwadi Recruitment 2026 Kanpur Division – 1,650 Posts",0,0,,,,none,"","",""
up-anganwadi-bharti-2026-meerut-division,"UP Anganwadi Recruitment 2026 Meerut Division – 1,920 Posts",0,0,,,,none,"","",""
up-anganwadi-bharti-2026-prayagraj-division,"UP Anganwadi Recruitment 2026 Prayagraj Division – 1,750 Posts",0,0,,,,none,"","",""
up-anganwadi-bharti-2026-varanasi-division,"UP Anganwadi 2026 Varanasi Division – 1,850 Posts",0,0,,,,none,"","",""
up-anganwadi-worker-helper-bharti-2026-lucknow,"UP Anganwadi Worker & Helper Recruitment 2026 Lucknow Division",0,0,,,,none,"","","deadline. Key districts actively recruiting in July 2026 include Ghaziabad (508 posts), Barabanki (1"
up-animal-husbandry-stockman-2026,"UP Animal Husbandry Stockman/Pashudhan Prahari 2026 – 2,000 Posts",0,0,,,,none,"","",""
up-asha-bharti-2026-agra-division,"UP ASHA Worker Recruitment 2026 Agra Division – 550 Posts",0,0,,,,none,"","",""
up-asha-bharti-2026-lucknow-division,"UP ASHA Worker Recruitment 2026 Lucknow Division – 680 Posts",0,0,,,,none,"","",""
up-basic-shiksha-parishad-peon-2026,"UP Basic Shiksha Parishad Peon/Group D 2026 – 4,200 Posts",0,0,,,,none,"","",""
up-chc-phc-staff-nurse-2026-bareilly,"UP CHC/PHC Staff Nurse Recruitment 2026 Bareilly Division – 450 Posts",0,0,,,,none,"","",""
up-collector-office-peon-bharti-2026-lucknow,"UP Collector Office Peon/Group D Recruitment 2026 Lucknow",0,0,,,,none,"","",""
up-cooperative-bank-clerk-2026,"UP District Cooperative Bank Clerk Recruitment 2026 – 1,800 Posts",0,0,,,,none,"","",""
up-cooperative-society-clerk-2026,"UP Cooperative Society Clerk/Secretary Recruitment 2026 – 2,500 Posts",0,0,,,,none,"","",""
up-csc-vle-operator-2026,"UP Common Service Centre (CSC) VLE Recruitment 2026 – 5,000 Posts",0,0,,,,none,"","",""
up-district-collectorate-driver-2026,"UP District Collectorate Driver 2026 All Districts – 450 Posts",0,0,,,,none,"","",""
up-district-court-peon-2026-lucknow,"UP District Court Peon/Group D 2026 Lucknow – 95 Posts",0,0,,,,none,"","",""
up-district-court-peon-2026-varanasi,"UP District Court Peon/Group D 2026 Varanasi – 78 Posts",0,26,,,,none,"","",""
up-district-court-peon-bharti-2026-allahabad,"UP District Court Peon/Class IV Recruitment 2026 Prayagraj",0,0,,,,none,"","",""
up-district-court-stenographer-2026-meerut,"UP District Court Stenographer Recruitment 2026 Meerut – 45 Posts",0,0,,,,none,"","",""
up-district-education-office-peon-2026,"UP District Education Office Peon/Group D 2026 – 2,200 Posts",0,0,,,,none,"","",""
up-district-hospital-anm-staff-nurse-2026-agra,"UP District Hospital ANM & Staff Nurse 2026 Agra – 180 Posts",0,0,,,,none,"","",""
up-district-hospital-lab-technician-2026,"UP District Hospital Lab Technician 2026 All Districts – 2,500 Posts",0,0,,,,none,"","",""
up-electric-helper-2026-dvvnl,"UP DVVNL Lineman Recruitment 2026 Agra Zone – 900 Posts",0,0,,,,none,"","",""
up-electric-helper-2026-mvvnl,"UP MVVNL Lineman Recruitment 2026 Lucknow Zone – 1,100 Posts",0,0,,,,none,"","",""
up-electric-helper-2026-pvvnl,"UP PVVNL Lineman/Helper Recruitment 2026 Meerut Zone – 1,200 Posts",0,0,,,,none,"","",""
up-electricity-dept-lineman-2026,"UP Electricity Department Lineman/Technician 2026 – 5,000 Posts",0,0,,,,none,"","",""
up-fisheries-dept-matsya-mitra-2026,"UP Fisheries Department Matsya Mitra 2026 – 1,000 Posts",0,20,,,,none,"","",""
up-forest-guard-vanrakshak-bharti-2026,"UPSSSC Forest Guard / Wildlife Guard Recruitment 2026 – 708 Posts (Apply by July 20)",0,1,,,2026-07-20,inferred,"","","Last Date to Apply: July 20, 2026 PET-2025 Score: Mandatory Eligibility Education: 12th Pass (Interm"
up-gds-bharti-2026-bareilly-division,"UP GDS 2026 Bareilly Postal Division – 720 Posts",0,0,,,,none,"","",""
up-gds-bharti-2026-varanasi-circle,"UP Gramin Dak Sevak 2026 Varanasi Postal Division – 850 Posts",0,0,,,,none,"","",""
up-govt-college-group-d-bharti-2026,"UP Government College Group D Recruitment 2026 – 1,800 Posts",0,0,,,,none,"","",""
up-govt-driver-bharti-2026-sachivalaya,"UP Government Driver Recruitment 2026 Sachivalaya – 350 Posts",0,0,,,,none,"","",""
up-govt-school-cook-helper-mdm-2026,"UP Government School Cook/Helper (MDM) Recruitment 2026 – 12,000 Posts",0,0,,,,none,"","",""
up-gram-panchayat-rozgar-sahayak-2026-jaunpur,"UP Gram Panchayat Rozgar Sahayak 2026 Jaunpur – 180 Posts",0,0,,,,none,"","",""
up-gram-panchayat-vikas-adhikari-2026-azamgarh,"UP Gram Panchayat Vikas Adhikari 2026 Azamgarh – 120 Posts",0,0,,,,none,"","",""
up-gram-panchayat-vikas-adhikari-2026-sultanpur,"UP Gram Panchayat Vikas Adhikari 2026 Sultanpur – 95 Posts",0,0,,,,none,"","",""
up-gramin-dak-sevak-2026-agra-division,"UP GDS 2026 Agra Postal Division – 590 Posts",0,60,,,,none,"","",""
up-gramin-dak-sevak-2026-gorakhpur-division,"UP GDS 2026 Gorakhpur Postal Division – 920 Posts",0,0,,,,none,"","",""
up-gramin-dak-sevak-2026-lucknow-division,"UP GDS 2026 Lucknow Postal Division – 750 Posts",0,114,,,,none,"","",""
up-gramin-dak-sevak-bharti-2026,"UP Gramin Dak Sevak (GDS) Recruitment 2026 – 4,500 Posts",0,0,,,,none,"","",""
up-health-dept-ward-boy-2026-all-districts,"UP Health Department Ward Boy/Attendant 2026 All Districts – 3,500 Posts",0,0,,,,none,"","",""
up-home-guard-bharti-2026-all-districts,"UP Home Guard Recruitment 2026 All Districts – 8,000 Posts",0,0,,,,none,"","",""
up-irrigation-beldar-2026,"UP Irrigation Department Beldar/Work Charged 2026 – 2,500 Posts",0,0,,,,none,"","",""
up-jail-warder-bharti-2026-prisons-dept,"UP Jail Warder/Bandi Rakshak Recruitment 2026 – 3,500 Posts",0,0,,,,none,"","",""
up-jal-nigam-fitter-plumber-2026,"UP Jal Nigam Fitter/Plumber Recruitment 2026 – 1,200 Posts",0,0,,,,none,"","",""
up-jila-panchayat-lekhpal-2026,"UP Jila Panchayat Lekhpal (Accountant) 2026 – 1,500 Posts",0,82,,,,none,"","",""
up-krishi-vibhag-gram-pravidhik-2026,"UP Krishi Vibhag Gram Pravidhik (Agriculture Assistant) 2026 – 2,800 Posts",0,0,,,,none,"","",""
up-lekhpal-2026-result,"UP Lekhpal 2026 Written Exam Result",0,0,,,,none,"","",""
up-medical-college-group-d-2026,"UP Medical College Group D (Peon/Ward Boy/Sweeper) 2026 – 2,500 Posts",0,0,,,,none,"","",""
up-nagar-nigam-driver-2026-lucknow-agra,"UP Nagar Nigam Driver Recruitment 2026 Lucknow & Agra – 280 Posts",0,0,,,,none,"","",""
up-nagar-nigam-mali-chowkidar-2026-varanasi,"UP Nagar Nigam Mali/Chowkidar Recruitment 2026 Varanasi – 180 Posts",0,13,,,,none,"","",""
up-nagar-nigam-safai-karmi-2026-agra,"UP Nagar Nigam Safai Karmi 2026 Agra – 650 Posts",0,0,,,,none,"","",""
up-nagar-nigam-safai-karmi-2026-gorakhpur,"UP Nagar Nigam Safai Karmi 2026 Gorakhpur – 480 Posts",0,0,,,,none,"","",""
up-nagar-nigam-safai-karmi-2026-prayagraj,"UP Nagar Nigam Safai Karmi 2026 Prayagraj – 720 Posts",0,0,,,,none,"","",""
up-nagar-nigam-safai-karmi-2026-varanasi,"UP Nagar Nigam Safai Karmi 2026 Varanasi – 800 Posts",0,0,,,,none,"","",""
up-nagar-nigam-sweeper-driver-2026-meerut,"UP Nagar Nigam Sweeper/Driver 2026 Meerut – 480 Posts",0,0,,,,none,"","",""
up-nagar-palika-clerk-peon-2026-moradabad,"UP Nagar Palika Parishad Clerk/Peon 2026 Moradabad – 120 Posts",0,0,,,,none,"","",""
up-nagar-panchayat-safai-inspector-2026,"UP Nagar Panchayat Safai Inspector 2026 – 800 Posts",0,0,,,,none,"","",""
up-nagar-panchayat-tax-collector-2026,"UP Nagar Panchayat Tax Collector/Revenue Inspector 2026 – 1,500 Posts",0,0,,,,none,"","",""
up-nhm-community-health-officer-2026,"UP NHM Community Health Officer (CHO) Recruitment 2026 – 5,000 Posts",0,0,,,,none,"","",""
up-nyayalaya-process-server-2026,"UP District Court Process Server (Taameel Karmi) 2026 – 1,100 Posts",0,0,,,,none,"","",""
up-pashu-chikitsa-sahayak-2026,"UP Pashu Chikitsa Sahayak (Veterinary Assistant) 2026 – 1,500 Posts",0,0,,,,none,"","",""
up-police-driver-constable-2026,"UP Police Driver Constable Recruitment 2026 – 1,200 Posts",0,0,,,,none,"","",""
up-primary-school-sahayak-clerk-2026,"UP Primary School Sahayak (Office Clerk) Recruitment 2026 – 3,200 Posts",0,0,,,,none,"","",""
up-pwd-road-roller-operator-2026,"UP PWD Road Roller Operator/Heavy Equipment Operator 2026 – 800 Posts",0,0,,,,none,"","",""
up-ration-dealer-salesman-2026,"UP Ration Dealer/Fair Price Shop Salesman 2026 – 5,000 Posts",0,0,,,,none,"","",""
up-revenue-department-amin-2026,"UP Revenue Department Amin Recruitment 2026 – 1,200 Posts",0,6,,,,none,"","",""
up-revenue-kanungo-2026,"UP Revenue Kanungo Recruitment 2026 – 900 Posts",0,0,,,,none,"","",""
up-roadways-driver-conductor-2026,"UP Roadways Driver/Conductor Recruitment 2026 – 3,200 Posts",0,0,,,,none,"","",""
up-sahkari-gram-vikas-bank-clerk-2026,"UP Sahkari Gram Vikas Bank Clerk 2026 – 1,200 Posts",0,0,,,,none,"","",""
up-samaj-kalyan-vibhag-peon-2026,"UP Samaj Kalyan Vibhag Peon/Attendant 2026 – 800 Posts",0,0,,,,none,"","",""
up-shiksha-mitra-samayojan-2026,"UP Shiksha Mitra Samayojan (Adjustment) 2026 – 3,500 Posts",0,0,,,,none,"","",""
up-sichai-vibhag-tubewell-operator-2026,"UP Sinchai Vibhag Tubewell Operator Recruitment 2026 – 1,500 Posts",0,0,,,,none,"","",""
up-swachh-bharat-mission-coordinator-2026,"UP Swachh Bharat Mission Block Coordinator 2026 – 800 Posts",0,0,,,,none,"","",""
up-swasthya-vibhag-dresser-2026,"UP Health Department Dresser/OT Technician 2026 – 1,800 Posts",0,0,,,,none,"","",""
up-zila-panchayat-data-entry-operator-2026,"UP Zila Panchayat DEO/Computer Operator Recruitment 2026 – 2,200 Posts",0,0,,,,none,"","",""
uppsc-pcs-2026-prelims-result,"UPPSC PCS 2026 Prelims Result",0,0,,,,none,"","",""
upsc-capf-ac-2026-result,"UPSC CAPF AC Written Exam Result 2026",0,0,,,,none,"","",""
upsc-cds-1-2026-result,"UPSC CDS (I) 2026 Written Exam Result",0,0,,,,none,"","",""
upsc-cms-2026-result,"UPSC Combined Medical Services Result 2026",0,0,,,,none,"","",""
upsc-cse-2026-prelims-result,"UPSC Civil Services Prelims Result 2026",0,0,,,,none,"","",""
upsc-ese-2026-prelims-result,"UPSC Engineering Services Prelims Result 2026",0,0,,,,none,"","",""
upsc-ifos-2026-prelims-result,"UPSC Indian Forest Service Prelims Result 2026",0,2,,,,none,"","",""
upsc-nda-1-2026-result,"UPSC NDA (I) 2026 Written Exam Result",0,0,,,,none,"","",""
uttarakhand-anganwadi-bharti-2026-dehradun,"Uttarakhand Anganwadi Recruitment 2026 Dehradun District – 380 Posts",0,0,,,,none,"","",""
uttarakhand-district-court-peon-2026-dehradun,"Uttarakhand District Court Peon 2026 Dehradun – 55 Posts",0,0,,,,none,"","",""
uttarakhand-forest-guard-2026,"Uttarakhand Forest Guard (Van Daroga) 2026 – 500 Posts",0,0,,,,none,"","",""
uttarakhand-nagar-palika-sweeper-2026-dehradun,"Uttarakhand Nagar Palika Sweeper 2026 Dehradun – 250 Posts",0,0,,,,none,"","",""
uttarakhand-patwari-lekhpal-bharti-2026,"Uttarakhand Patwari (Lekhpal) Recruitment 2026 – 800 Posts",0,0,,,,none,"","",""
wbpsc-wbcs-2026-prelims-result,"WBPSC WBCS 2026 Prelims Result",0,0,,,,none,"","",""
west-bengal-anganwadi-2026-murshidabad,"West Bengal Anganwadi 2026 Murshidabad District – 580 Posts",0,0,,,,none,"","",""
west-bengal-anganwadi-2026-north-24-parganas,"West Bengal Anganwadi 2026 North 24 Parganas – 650 Posts",0,0,,,,none,"","",""
west-bengal-anganwadi-2026-south-24-parganas,"West Bengal Anganwadi 2026 South 24 Parganas – 720 Posts",0,0,,,,none,"","",""
west-bengal-asha-karmabandhu-2026-kolkata,"West Bengal ASHA (Karmabandhu) Recruitment 2026 Kolkata – 650 Posts",0,0,,,,none,"","",""
west-bengal-icds-anganwadi-2026-howrah,"West Bengal ICDS Anganwadi Recruitment 2026 Howrah – 380 Posts",0,0,,,,none,"","",""
west-bengal-krishi-prayukti-sahayak-2026,"West Bengal Krishi Prayukti Sahayak (AMAS) 2026 – 1,800 Posts",0,0,,,,none,"","",""
west-bengal-krishi-prayukti-sahayak-2026-nadia,"West Bengal Krishi Sahayak 2026 Nadia District – 180 Posts",0,0,,,,none,"","",""