slug,title,state,public_url,gsc_clicks,gsc_impressions,verified,has_official_notification_url,has_application_end_date,has_application_url
up-swasthya-vibhag-ambulance-driver-2026,"UP Health Department 108 Ambulance Driver 2026 – 1,200 Posts",uttar-pradesh,https://www.indianexaminfo.com/sarkari-naukri/up-swasthya-vibhag-ambulance-driver-2026,186,2786,no,no,no,no
bihar-mgnrega-rozgar-sewak-2026,"Bihar MGNREGA Rozgar Sewak 2026 – 4,000 Posts",bihar,https://www.indianexaminfo.com/sarkari-naukri/bihar-mgnrega-rozgar-sewak-2026,72,2266,no,no,no,no
rajasthan-health-dept-radiographer-2026,Rajasthan Health Department Radiographer 2026 – 800 Posts,rajasthan,https://www.indianexaminfo.com/sarkari-naukri/rajasthan-health-dept-radiographer-2026,47,1210,no,no,no,no
west-bengal-gram-panchayat-sahayak-2026,"West Bengal Gram Panchayat Sahayak Recruitment 2026 – 5,000 Posts",west-bengal,https://www.indianexaminfo.com/sarkari-naukri/west-bengal-gram-panchayat-sahayak-2026,43,1699,no,no,no,no
gujarat-anganwadi-worker-helper-bharti-2026-ahmedabad,Gujarat Anganwadi Recruitment 2026 Ahmedabad District – 920 Posts,gujarat,https://www.indianexaminfo.com/sarkari-naukri/gujarat-anganwadi-worker-helper-bharti-2026-ahmedabad,34,1287,no,no,no,no
up-nagar-nigam-safai-karmi-2026-kanpur,"UP Nagar Nigam Safai Karmi Recruitment 2026 Kanpur – 1,200 Posts",uttar-pradesh,https://www.indianexaminfo.com/sarkari-naukri/up-nagar-nigam-safai-karmi-2026-kanpur,31,990,no,no,no,no
up-nagar-nigam-safai-karmi-2026-lucknow,"UP Nagar Nigam Safai Karmi 2026 Lucknow – 1,100 Posts",uttar-pradesh,https://www.indianexaminfo.com/sarkari-naukri/up-nagar-nigam-safai-karmi-2026-lucknow,28,1852,no,no,no,no
uttarakhand-anganwadi-bharti-2026-haridwar,Uttarakhand Anganwadi 2026 Haridwar District – 420 Posts,uttarakhand,https://www.indianexaminfo.com/sarkari-naukri/uttarakhand-anganwadi-bharti-2026-haridwar,24,793,no,no,no,no
jharkhand-forest-guard-2026,Jharkhand Forest Guard Recruitment 2026 – 650 Posts,all-india,https://www.indianexaminfo.com/sarkari-naukri/jharkhand-forest-guard-2026,21,564,no,no,no,no
chhattisgarh-mitanin-asha-bharti-2026-raipur,Chhattisgarh Mitanin (ASHA) Worker Recruitment 2026 Raipur Division,chhattisgarh,https://www.indianexaminfo.com/sarkari-naukri/chhattisgarh-mitanin-asha-bharti-2026-raipur,20,528,no,no,no,no
up-asha-bharti-2026-gorakhpur-division,UP ASHA Worker Recruitment 2026 Gorakhpur Division – 720 Posts,uttar-pradesh,https://www.indianexaminfo.com/sarkari-naukri/up-asha-bharti-2026-gorakhpur-division,17,374,no,no,no,no
up-district-hospital-ward-boy-2026-gorakhpur,UP District Hospital Ward Boy/Attendant Recruitment 2026 Gorakhpur,uttar-pradesh,https://www.indianexaminfo.com/sarkari-naukri/up-district-hospital-ward-boy-2026-gorakhpur,17,334,no,no,no,no
tamil-nadu-anganwadi-worker-2026-chennai,Tamil Nadu Anganwadi Worker/Helper Recruitment 2026 Chennai – 750 Posts,tamil-nadu,https://www.indianexaminfo.com/sarkari-naukri/tamil-nadu-anganwadi-worker-2026-chennai,16,608,no,no,no,no
up-swasthya-vibhag-pharmacist-2026,"UP Swasthya Vibhag Pharmacist Recruitment 2026 – 2,100 Posts",all-india,https://www.indianexaminfo.com/sarkari-naukri/up-swasthya-vibhag-pharmacist-2026,16,291,no,no,no,no
mp-gds-bharti-2026-jabalpur-division,MP GDS 2026 Jabalpur Postal Division – 620 Posts,madhya-pradesh,https://www.indianexaminfo.com/sarkari-naukri/mp-gds-bharti-2026-jabalpur-division,15,661,no,no,no,no
mp-mahila-supervisor-icds-2026,"MP Mahila Supervisor (ICDS) 2026 – 1,500 Posts",madhya-pradesh,https://www.indianexaminfo.com/sarkari-naukri/mp-mahila-supervisor-icds-2026,14,331,no,no,no,no
up-nagar-palika-parishad-clerk-2026,"UP Nagar Palika Parishad Clerk/DEO Recruitment 2026 – 2,400 Posts",uttar-pradesh,https://www.indianexaminfo.com/sarkari-naukri/up-nagar-palika-parishad-clerk-2026,13,130,no,no,no,no
up-district-court-peon-2026-kanpur,UP District Court Peon/Group D 2026 Kanpur – 88 Posts,uttar-pradesh,https://www.indianexaminfo.com/sarkari-naukri/up-district-court-peon-2026-kanpur,12,99,no,no,no,no
rajasthan-pwd-work-charged-2026,"Rajasthan PWD Work-Charged Staff (Beldar/Helper) 2026 – 2,200 Posts",rajasthan,https://www.indianexaminfo.com/sarkari-naukri/rajasthan-pwd-work-charged-2026,11,667,no,no,no,no
up-gramin-dak-sevak-2026-kanpur-division,UP GDS 2026 Kanpur Postal Division – 680 Posts,uttar-pradesh,https://www.indianexaminfo.com/sarkari-naukri/up-gramin-dak-sevak-2026-kanpur-division,8,186,no,no,no,no
up-bal-vikas-supervisor-2026,"UP Bal Vikas Pustak Adhikari (Supervisor) 2026 – 2,800 Posts",all-india,https://www.indianexaminfo.com/sarkari-naukri/up-bal-vikas-supervisor-2026,5,101,no,no,no,no
up-mgnrega-rozgar-sevak-2026,"UP MGNREGA Gram Rozgar Sevak 2026 – 6,500 Posts",uttar-pradesh,https://www.indianexaminfo.com/sarkari-naukri/up-mgnrega-rozgar-sevak-2026,4,131,no,no,no,no
up-asha-worker-bharti-2026-varanasi,UP ASHA Worker Recruitment 2026 Varanasi District – 485 Posts,uttar-pradesh,https://www.indianexaminfo.com/sarkari-naukri/up-asha-worker-bharti-2026-varanasi,4,83,no,no,no,no
rajasthan-rajiv-gandhi-seva-kendra-operator-2026,"Rajasthan RGSK (E-Mitra) Operator Recruitment 2026 – 3,500 Posts",rajasthan,https://www.indianexaminfo.com/sarkari-naukri/rajasthan-rajiv-gandhi-seva-kendra-operator-2026,3,180,no,no,no,no
rajasthan-police-constable-driver-2026,Rajasthan Police Constable Driver Recruitment 2026 – 750 Posts,all-india,https://www.indianexaminfo.com/sarkari-naukri/rajasthan-police-constable-driver-2026,2,120,no,no,no,no
haryana-gram-sachiv-bharti-2026,"Haryana Gram Sachiv (Canal Patwari) Recruitment 2026 – 1,600 Posts",all-india,https://www.indianexaminfo.com/sarkari-naukri/haryana-gram-sachiv-bharti-2026,2,58,no,no,no,no
up-nagar-nigam-jal-kal-pump-operator-2026,"UP Nagar Nigam Jal Kal Pump Operator 2026 – 1,500 Posts",uttar-pradesh,https://www.indianexaminfo.com/sarkari-naukri/up-nagar-nigam-jal-kal-pump-operator-2026,2,48,no,no,no,no
up-block-development-office-clerk-2026,"UP Block Development Office Clerk/Accountant Recruitment 2026 – 1,800 Posts",all-india,https://www.indianexaminfo.com/sarkari-naukri/up-block-development-office-clerk-2026,2,26,no,no,no,no
chhattisgarh-zila-panchayat-deo-2026,Chhattisgarh Zila Panchayat DEO/Computer Operator 2026 – 800 Posts,chhattisgarh,https://www.indianexaminfo.com/sarkari-naukri/chhattisgarh-zila-panchayat-deo-2026,2,14,no,no,no,no
up-tehsil-office-peon-clerk-2026,"UP Tehsil Office Peon/Clerk Recruitment 2026 – 3,000 Posts",all-india,https://www.indianexaminfo.com/sarkari-naukri/up-tehsil-office-peon-clerk-2026,1,99,no,no,no,no
up-gram-panchayat-sahayak-bharti-2026,"UP Gram Panchayat Sahayak (VDO) Recruitment 2026 – 3,800 Posts",uttar-pradesh,https://www.indianexaminfo.com/sarkari-naukri/up-gram-panchayat-sahayak-bharti-2026,1,65,no,no,no,no
rajasthan-forest-guard-vanrakshak-2026,"Rajasthan Forest Guard (Vanrakshak) Recruitment 2026 – 1,100 Posts",rajasthan,https://www.indianexaminfo.com/sarkari-naukri/rajasthan-forest-guard-vanrakshak-2026,1,62,no,no,no,no
bihar-anganwadi-bharti-2026-east-champaran,Bihar Anganwadi 2026 East Champaran (Motihari) – 720 Posts,bihar,https://www.indianexaminfo.com/sarkari-naukri/bihar-anganwadi-bharti-2026-east-champaran,1,60,no,no,no,no
delhi-police-constable-2026-result,Delhi Police Constable Executive 2026 Written Result,all-india,https://www.indianexaminfo.com/sarkari-naukri/delhi-police-constable-2026-result,1,29,no,no,no,no
bihar-district-court-peon-2026-all-districts,"Bihar District Court Peon/Group D 2026 All Districts – 1,800 Posts",bihar,https://www.indianexaminfo.com/sarkari-naukri/bihar-district-court-peon-2026-all-districts,1,12,no,no,no,no
rajasthan-jal-sansthan-pump-operator-2026,Rajasthan Jal Sansthan Pump Operator 2026 – 800 Posts,rajasthan,https://www.indianexaminfo.com/sarkari-naukri/rajasthan-jal-sansthan-pump-operator-2026,1,10,no,no,no,no
up-gramin-dak-sevak-2026-lucknow-division,UP GDS 2026 Lucknow Postal Division – 750 Posts,uttar-pradesh,https://www.indianexaminfo.com/sarkari-naukri/up-gramin-dak-sevak-2026-lucknow-division,0,114,no,no,no,no
karnataka-anganwadi-2026-belgaum,Karnataka Anganwadi Recruitment 2026 Belagavi District – 620 Posts,karnataka,https://www.indianexaminfo.com/sarkari-naukri/karnataka-anganwadi-2026-belgaum,0,110,no,no,no,no
bihar-gds-bharti-2026,"Bihar Gramin Dak Sevak (GDS) Recruitment 2026 – 3,500 Posts",bihar,https://www.indianexaminfo.com/sarkari-naukri/bihar-gds-bharti-2026,0,94,no,no,no,no
up-jila-panchayat-lekhpal-2026,"UP Jila Panchayat Lekhpal (Accountant) 2026 – 1,500 Posts",all-india,https://www.indianexaminfo.com/sarkari-naukri/up-jila-panchayat-lekhpal-2026,0,82,no,no,no,no
up-gramin-dak-sevak-2026-agra-division,UP GDS 2026 Agra Postal Division – 590 Posts,uttar-pradesh,https://www.indianexaminfo.com/sarkari-naukri/up-gramin-dak-sevak-2026-agra-division,0,60,no,no,no,no
andhra-pradesh-anganwadi-2026-visakhapatnam,AP Anganwadi Worker Helper Recruitment 2026 Visakhapatnam – 550 Posts,andhra-pradesh,https://www.indianexaminfo.com/sarkari-naukri/andhra-pradesh-anganwadi-2026-visakhapatnam,0,52,no,no,no,no
ibps-clerk-2026-prelims-result,IBPS Clerk (CSA) 2026 Prelims Result,all-india,https://www.indianexaminfo.com/sarkari-naukri/ibps-clerk-2026-prelims-result,0,32,no,no,no,no
up-aanganwadi-mini-centre-sahayika-2026-bareilly,UP Mini Anganwadi Centre Sahayika 2026 Bareilly – 350 Posts,uttar-pradesh,https://www.indianexaminfo.com/sarkari-naukri/up-aanganwadi-mini-centre-sahayika-2026-bareilly,0,32,no,no,no,no
up-district-court-peon-2026-varanasi,UP District Court Peon/Group D 2026 Varanasi – 78 Posts,uttar-pradesh,https://www.indianexaminfo.com/sarkari-naukri/up-district-court-peon-2026-varanasi,0,26,no,no,no,no
up-fisheries-dept-matsya-mitra-2026,"UP Fisheries Department Matsya Mitra 2026 – 1,000 Posts",uttar-pradesh,https://www.indianexaminfo.com/sarkari-naukri/up-fisheries-dept-matsya-mitra-2026,0,20,no,no,no,no
csir-net-june-2026-result,CSIR NET June 2026 Result,all-india,https://www.indianexaminfo.com/sarkari-naukri/csir-net-june-2026-result,0,15,no,no,no,no
up-nagar-nigam-mali-chowkidar-2026-varanasi,UP Nagar Nigam Mali/Chowkidar Recruitment 2026 Varanasi – 180 Posts,uttar-pradesh,https://www.indianexaminfo.com/sarkari-naukri/up-nagar-nigam-mali-chowkidar-2026-varanasi,0,13,no,no,no,no
karnataka-pdgo-grade-2-village-accountant-2026,"Karnataka Village Accountant (VA) Recruitment 2026 – 1,500 Posts",karnataka,https://www.indianexaminfo.com/sarkari-naukri/karnataka-pdgo-grade-2-village-accountant-2026,0,7,no,no,no,no
rajasthan-pashu-paricharak-2026,"Rajasthan Pashu Paricharak (Livestock Attendant) 2026 – 2,000 Posts",rajasthan,https://www.indianexaminfo.com/sarkari-naukri/rajasthan-pashu-paricharak-2026,0,7,no,no,no,no
up-revenue-department-amin-2026,"UP Revenue Department Amin Recruitment 2026 – 1,200 Posts",uttar-pradesh,https://www.indianexaminfo.com/sarkari-naukri/up-revenue-department-amin-2026,0,6,no,no,no,no
bihar-hospital-group-d-2026-all-districts,"Bihar Hospital Group D (Ward Sahayak) 2026 All Districts – 4,200 Posts",bihar,https://www.indianexaminfo.com/sarkari-naukri/bihar-hospital-group-d-2026-all-districts,0,3,no,no,no,no
ssc-chsl-2026-tier1-result,SSC CHSL 2026 Tier-I Result,all-india,https://www.indianexaminfo.com/sarkari-naukri/ssc-chsl-2026-tier1-result,0,2,no,no,no,no
upsc-ifos-2026-prelims-result,UPSC Indian Forest Service Prelims Result 2026,all-india,https://www.indianexaminfo.com/sarkari-naukri/upsc-ifos-2026-prelims-result,0,2,no,no,no,no
madhya-pradesh-forest-guard-field-2026-hoshangabad,MP Forest Field Guard Recruitment 2026 Hoshangabad Division – 450 Posts,madhya-pradesh,https://www.indianexaminfo.com/sarkari-naukri/madhya-pradesh-forest-guard-field-2026-hoshangabad,0,1,no,no,no,no
rrb-group-d-2026-result,RRB Group D Level 1 CBT Result 2026,all-india,https://www.indianexaminfo.com/sarkari-naukri/rrb-group-d-2026-result,0,1,no,no,no,no
sebi-grade-a-2026-phase1-result,SEBI Grade A Phase-I Result 2026,all-india,https://www.indianexaminfo.com/sarkari-naukri/sebi-grade-a-2026-phase1-result,0,1,no,no,no,no
up-forest-guard-vanrakshak-bharti-2026,UPSSSC Forest Guard / Wildlife Guard Recruitment 2026 – 708 Posts (Apply by July 20),all-india,https://www.indianexaminfo.com/sarkari-naukri/up-forest-guard-vanrakshak-bharti-2026,0,1,no,no,no,no
aiims-norcet-2026-stage1-result,AIIMS NORCET 2026 Stage-I Result,all-india,https://www.indianexaminfo.com/sarkari-naukri/aiims-norcet-2026-stage1-result,0,0,no,no,no,no
andhra-pradesh-grama-sachivalayam-2026,"AP Grama/Ward Sachivalayam Recruitment 2026 – 8,500 Posts",andhra-pradesh,https://www.indianexaminfo.com/sarkari-naukri/andhra-pradesh-grama-sachivalayam-2026,0,0,no,no,no,no
andhra-pradesh-village-revenue-officer-2026,"AP Village Revenue Officer (VRO) Recruitment 2026 – 2,200 Posts",andhra-pradesh,https://www.indianexaminfo.com/sarkari-naukri/andhra-pradesh-village-revenue-officer-2026,0,0,no,no,no,no
assam-anganwadi-2026-dibrugarh,Assam Anganwadi 2026 Dibrugarh District – 320 Posts,assam,https://www.indianexaminfo.com/sarkari-naukri/assam-anganwadi-2026-dibrugarh,0,0,no,no,no,no
assam-anganwadi-2026-nagaon,Assam Anganwadi 2026 Nagaon District – 380 Posts,assam,https://www.indianexaminfo.com/sarkari-naukri/assam-anganwadi-2026-nagaon,0,0,no,no,no,no
assam-anganwadi-worker-helper-2026-guwahati,Assam Anganwadi Worker & Helper Recruitment 2026 Kamrup Metro,assam,https://www.indianexaminfo.com/sarkari-naukri/assam-anganwadi-worker-helper-2026-guwahati,0,0,no,no,no,no
bihar-anganwadi-bharti-2026-bhagalpur,Bihar Anganwadi Sevika Sahayika Bharti 2026 Bhagalpur – 520 Posts,bihar,https://www.indianexaminfo.com/sarkari-naukri/bihar-anganwadi-bharti-2026-bhagalpur,0,0,no,no,no,no
bihar-anganwadi-bharti-2026-darbhanga,Bihar Anganwadi Bharti 2026 Darbhanga District – 750 Posts,bihar,https://www.indianexaminfo.com/sarkari-naukri/bihar-anganwadi-bharti-2026-darbhanga,0,0,no,no,no,no
bihar-anganwadi-bharti-2026-gaya,Bihar Anganwadi Sevika Sahayika Bharti 2026 Gaya District – 680 Posts,bihar,https://www.indianexaminfo.com/sarkari-naukri/bihar-anganwadi-bharti-2026-gaya,0,0,no,no,no,no
bihar-anganwadi-bharti-2026-purnia,Bihar Anganwadi 2026 Purnia District – 580 Posts,bihar,https://www.indianexaminfo.com/sarkari-naukri/bihar-anganwadi-bharti-2026-purnia,0,0,no,no,no,no
bihar-anganwadi-bharti-2026-vaishali,Bihar Anganwadi 2026 Vaishali District – 450 Posts,bihar,https://www.indianexaminfo.com/sarkari-naukri/bihar-anganwadi-bharti-2026-vaishali,0,0,no,no,no,no
bihar-anganwadi-sevika-sahayika-2026-patna,Bihar Anganwadi Sevika Sahayika Bharti 2026 Patna District,bihar,https://www.indianexaminfo.com/sarkari-naukri/bihar-anganwadi-sevika-sahayika-2026-patna,0,0,no,no,no,no
bihar-asha-bharti-2026-darbhanga,Bihar ASHA Worker Recruitment 2026 Darbhanga – 380 Posts,bihar,https://www.indianexaminfo.com/sarkari-naukri/bihar-asha-bharti-2026-darbhanga,0,0,no,no,no,no
bihar-asha-bharti-2026-muzaffarpur,Bihar ASHA Worker Recruitment 2026 Muzaffarpur – 420 Posts,bihar,https://www.indianexaminfo.com/sarkari-naukri/bihar-asha-bharti-2026-muzaffarpur,0,0,no,no,no,no
bihar-block-office-computer-operator-2026,"Bihar Block Office Computer Operator Recruitment 2026 – 1,500 Posts",bihar,https://www.indianexaminfo.com/sarkari-naukri/bihar-block-office-computer-operator-2026,0,0,no,no,no,no
bihar-district-court-clerk-2026-all-districts,"Bihar District Court Clerk/Aamin Recruitment 2026 All Districts – 2,200 Posts",bihar,https://www.indianexaminfo.com/sarkari-naukri/bihar-district-court-clerk-2026-all-districts,0,0,no,no,no,no
bihar-district-court-peon-2026-muzaffarpur,Bihar District Court Peon/Group D 2026 Muzaffarpur – 85 Posts,bihar,https://www.indianexaminfo.com/sarkari-naukri/bihar-district-court-peon-2026-muzaffarpur,0,0,no,no,no,no
bihar-forest-guard-vanpal-2026,Bihar Forest Guard (Van-Pal) Recruitment 2026 – 900 Posts,all-india,https://www.indianexaminfo.com/sarkari-naukri/bihar-forest-guard-vanpal-2026,0,0,no,no,no,no
bihar-gds-bharti-2026-patna-division,Bihar GDS 2026 Patna Postal Division – 680 Posts,bihar,https://www.indianexaminfo.com/sarkari-naukri/bihar-gds-bharti-2026-patna-division,0,0,no,no,no,no
bihar-gram-kachahri-sachiv-bharti-2026,"Bihar Gram Kachahri Sachiv Recruitment 2026 – 2,500 Posts",bihar,https://www.indianexaminfo.com/sarkari-naukri/bihar-gram-kachahri-sachiv-bharti-2026,0,0,no,no,no,no
bihar-gramin-dak-sevak-2026-muzaffarpur-div,Bihar GDS 2026 Muzaffarpur Division – 620 Posts,bihar,https://www.indianexaminfo.com/sarkari-naukri/bihar-gramin-dak-sevak-2026-muzaffarpur-div,0,0,no,no,no,no
bihar-health-dept-anm-bharti-2026-muzaffarpur,Bihar Health Department ANM Recruitment 2026 Muzaffarpur – 320 Posts,bihar,https://www.indianexaminfo.com/sarkari-naukri/bihar-health-dept-anm-bharti-2026-muzaffarpur,0,0,no,no,no,no
bihar-home-guard-bharti-2026,"Bihar Home Guard Recruitment 2026 – 5,000 Posts",bihar,https://www.indianexaminfo.com/sarkari-naukri/bihar-home-guard-bharti-2026,0,0,no,no,no,no
bihar-jal-jeevan-hariyali-pump-operator-2026,"Bihar Jal Jeevan Hariyali Pump Operator/Mechanic 2026 – 2,000 Posts",bihar,https://www.indianexaminfo.com/sarkari-naukri/bihar-jal-jeevan-hariyali-pump-operator-2026,0,0,no,no,no,no
bihar-mukhiya-sachiv-sahayak-2026,"Bihar Mukhiya Sachiv (Panchayat Assistant) 2026 – 3,000 Posts",bihar,https://www.indianexaminfo.com/sarkari-naukri/bihar-mukhiya-sachiv-sahayak-2026,0,0,no,no,no,no
bihar-nagar-nigam-safai-karmi-2026-patna,Bihar Nagar Nigam Safai Karmi Recruitment 2026 Patna – 680 Posts,bihar,https://www.indianexaminfo.com/sarkari-naukri/bihar-nagar-nigam-safai-karmi-2026-patna,0,0,no,no,no,no
bihar-nagar-parishad-clerk-2026-all,"Bihar Nagar Parishad Clerk/DEO 2026 All Municipalities – 1,500 Posts",bihar,https://www.indianexaminfo.com/sarkari-naukri/bihar-nagar-parishad-clerk-2026-all,0,0,no,no,no,no
bihar-nagar-parishad-safai-karmi-2026-gaya,Bihar Nagar Parishad Safai Karmi 2026 Gaya – 350 Posts,bihar,https://www.indianexaminfo.com/sarkari-naukri/bihar-nagar-parishad-safai-karmi-2026-gaya,0,0,no,no,no,no
bihar-nhm-anm-bharti-2026-all-districts,"Bihar NHM ANM Recruitment 2026 All Districts – 4,500 Posts",bihar,https://www.indianexaminfo.com/sarkari-naukri/bihar-nhm-anm-bharti-2026-all-districts,0,0,no,no,no,no
bihar-nhm-lab-technician-2026,"Bihar NHM Lab Technician 2026 All Districts – 1,800 Posts",bihar,https://www.indianexaminfo.com/sarkari-naukri/bihar-nhm-lab-technician-2026,0,0,no,no,no,no
bihar-police-constable-driver-2026,Bihar Police Constable (Driver) 2026 – 600 Posts,bihar,https://www.indianexaminfo.com/sarkari-naukri/bihar-police-constable-driver-2026,0,0,no,no,no,no
bihar-road-construction-dept-beldar-2026,"Bihar Road Construction Dept Beldar/Helper 2026 – 3,000 Posts",bihar,https://www.indianexaminfo.com/sarkari-naukri/bihar-road-construction-dept-beldar-2026,0,0,no,no,no,no
bihar-tehsil-anchal-karmchari-2026,"Bihar Anchal/Tehsil Office Staff Recruitment 2026 – 2,400 Posts",bihar,https://www.indianexaminfo.com/sarkari-naukri/bihar-tehsil-anchal-karmchari-2026,0,0,no,no,no,no
bpsc-cce-2026-prelims-result,BPSC Combined Competitive Exam 2026 Prelims Result,bihar,https://www.indianexaminfo.com/sarkari-naukri/bpsc-cce-2026-prelims-result,0,0,no,no,no,no
cg-asha-bharti-2026-durg,Chhattisgarh Mitanin (ASHA) Recruitment 2026 Durg – 340 Posts,chhattisgarh,https://www.indianexaminfo.com/sarkari-naukri/cg-asha-bharti-2026-durg,0,0,no,no,no,no
cg-nhm-pharmacist-bharti-2026,Chhattisgarh NHM Pharmacist Recruitment 2026 – 650 Posts,chhattisgarh,https://www.indianexaminfo.com/sarkari-naukri/cg-nhm-pharmacist-bharti-2026,0,0,no,no,no,no
chhattisgarh-anganwadi-bharti-2026-raipur,Chhattisgarh Anganwadi Worker Helper Recruitment 2026 Raipur,chhattisgarh,https://www.indianexaminfo.com/sarkari-naukri/chhattisgarh-anganwadi-bharti-2026-raipur,0,0,no,no,no,no
chhattisgarh-district-court-peon-2026-bilaspur,Chhattisgarh High Court Group C & D 2026 Bilaspur – 58 Driver/Lift Man Posts,chhattisgarh,https://www.indianexaminfo.com/sarkari-naukri/chhattisgarh-district-court-peon-2026-bilaspur,0,0,no,no,no,no
chhattisgarh-district-court-peon-2026-raipur,Chhattisgarh District Court Peon 2026 Raipur – 68 Posts,chhattisgarh,https://www.indianexaminfo.com/sarkari-naukri/chhattisgarh-district-court-peon-2026-raipur,0,0,no,no,no,no
chhattisgarh-forest-guard-2026-all-divisions,Chhattisgarh Forest Guard (Van Rakshak) 2026 All Divisions – 800 Posts,chhattisgarh,https://www.indianexaminfo.com/sarkari-naukri/chhattisgarh-forest-guard-2026-all-divisions,0,0,no,no,no,no
chhattisgarh-gram-panchayat-sachiv-2026,"Chhattisgarh Gram Panchayat Sachiv Recruitment 2026 – 1,500 Posts",chhattisgarh,https://www.indianexaminfo.com/sarkari-naukri/chhattisgarh-gram-panchayat-sachiv-2026,0,0,no,no,no,no
chhattisgarh-nagar-palika-safai-2026-raipur,Chhattisgarh Nagar Palika Safai Karmachari 2026 Raipur – 450 Posts,chhattisgarh,https://www.indianexaminfo.com/sarkari-naukri/chhattisgarh-nagar-palika-safai-2026-raipur,0,0,no,no,no,no
crpf-constable-tradesman-2026-result,CRPF Constable Technical & Tradesmen 2026 Result,all-india,https://www.indianexaminfo.com/sarkari-naukri/crpf-constable-tradesman-2026-result,0,0,no,no,no,no
ctet-july-2026-result,CTET July 2026 Result,all-india,https://www.indianexaminfo.com/sarkari-naukri/ctet-july-2026-result,0,0,no,no,no,no
drdo-ceptam-2026-result,DRDO CEPTAM STA-B 2026 Written Result,all-india,https://www.indianexaminfo.com/sarkari-naukri/drdo-ceptam-2026-result,0,0,no,no,no,no
esic-nursing-officer-2026-result,ESIC Nursing Officer 2026 CBT Result,all-india,https://www.indianexaminfo.com/sarkari-naukri/esic-nursing-officer-2026-result,0,0,no,no,no,no
fci-ag3-2026-phase1-result,FCI Assistant Grade 3 Phase-I Result 2026,all-india,https://www.indianexaminfo.com/sarkari-naukri/fci-ag3-2026-phase1-result,0,0,no,no,no,no
gujarat-anganwadi-2026-rajkot,Gujarat Anganwadi Recruitment 2026 Rajkot District – 550 Posts,gujarat,https://www.indianexaminfo.com/sarkari-naukri/gujarat-anganwadi-2026-rajkot,0,0,no,no,no,no
gujarat-anganwadi-2026-surat,Gujarat Anganwadi Recruitment 2026 Surat District – 750 Posts,gujarat,https://www.indianexaminfo.com/sarkari-naukri/gujarat-anganwadi-2026-surat,0,0,no,no,no,no
gujarat-asha-worker-bharti-2026-surat,Gujarat ASHA Worker Recruitment 2026 Surat District – 480 Posts,gujarat,https://www.indianexaminfo.com/sarkari-naukri/gujarat-asha-worker-bharti-2026-surat,0,0,no,no,no,no
gujarat-district-court-peon-2026-ahmedabad,Gujarat District Court Peon/Class IV Recruitment 2026 Ahmedabad – 95 Posts,gujarat,https://www.indianexaminfo.com/sarkari-naukri/gujarat-district-court-peon-2026-ahmedabad,0,0,no,no,no,no
gujarat-nagar-palika-clerk-2026-rajkot,Gujarat Nagar Palika Clerk/Accountant 2026 Rajkot – 180 Posts,gujarat,https://www.indianexaminfo.com/sarkari-naukri/gujarat-nagar-palika-clerk-2026-rajkot,0,0,no,no,no,no
gujarat-nagar-palika-safai-2026-vadodara,Gujarat Nagar Palika Safai Karmachari 2026 Vadodara – 550 Posts,gujarat,https://www.indianexaminfo.com/sarkari-naukri/gujarat-nagar-palika-safai-2026-vadodara,0,0,no,no,no,no
gujarat-st-bus-driver-conductor-2026,"Gujarat ST Bus Driver/Conductor 2026 – 1,500 Posts",gujarat,https://www.indianexaminfo.com/sarkari-naukri/gujarat-st-bus-driver-conductor-2026,0,0,no,no,no,no
gujarat-talati-cum-mantri-bharti-2026,"Gujarat Talati cum Mantri (Village Secretary) Recruitment 2026 – 3,400 Posts",gujarat,https://www.indianexaminfo.com/sarkari-naukri/gujarat-talati-cum-mantri-bharti-2026,0,0,no,no,no,no
gujarat-talati-mantri-2026-north-gujarat,Gujarat Talati cum Mantri 2026 North Gujarat – 900 Posts,gujarat,https://www.indianexaminfo.com/sarkari-naukri/gujarat-talati-mantri-2026-north-gujarat,0,0,no,no,no,no
gujarat-talati-mantri-2026-saurashtra,"Gujarat Talati cum Mantri 2026 Saurashtra Region – 1,200 Posts",gujarat,https://www.indianexaminfo.com/sarkari-naukri/gujarat-talati-mantri-2026-saurashtra,0,0,no,no,no,no
haryana-anganwadi-bharti-2026-gurugram,Haryana Anganwadi Recruitment 2026 Gurugram District – 580 Posts,haryana,https://www.indianexaminfo.com/sarkari-naukri/haryana-anganwadi-bharti-2026-gurugram,0,0,no,no,no,no
haryana-anganwadi-bharti-2026-hisar,Haryana Anganwadi Recruitment 2026 Hisar District – 450 Posts,haryana,https://www.indianexaminfo.com/sarkari-naukri/haryana-anganwadi-bharti-2026-hisar,0,0,no,no,no,no
haryana-bijli-vibhag-helper-2026,"Haryana Bijli Vibhag Helper/Lineman 2026 – 1,500 Posts",haryana,https://www.indianexaminfo.com/sarkari-naukri/haryana-bijli-vibhag-helper-2026,0,0,no,no,no,no
haryana-gram-sachiv-panchayat-2026-all-dist,"Haryana Gram Sachiv (Panchayat Sec) 2026 All Districts – 2,200 Posts",all-india,https://www.indianexaminfo.com/sarkari-naukri/haryana-gram-sachiv-panchayat-2026-all-dist,0,0,no,no,no,no
haryana-patwari-bharti-2026,"Haryana Patwari Recruitment 2026 – 1,800 Posts via HSSC",all-india,https://www.indianexaminfo.com/sarkari-naukri/haryana-patwari-bharti-2026,0,0,no,no,no,no
haryana-police-constable-driver-2026,Haryana Police Constable (Driver) 2026 – 500 Posts,all-india,https://www.indianexaminfo.com/sarkari-naukri/haryana-police-constable-driver-2026,0,0,no,no,no,no
himachal-pradesh-panchayat-sahayak-2026,"HP Panchayat Sahayak Recruitment 2026 – 1,100 Posts",himachal-pradesh,https://www.indianexaminfo.com/sarkari-naukri/himachal-pradesh-panchayat-sahayak-2026,0,0,no,no,no,no
hpcl-engineer-2026-result,HPCL Engineer 2026 CBT Result,all-india,https://www.indianexaminfo.com/sarkari-naukri/hpcl-engineer-2026-result,0,0,no,no,no,no
ibps-po-2026-prelims-result,IBPS PO 2026 Prelims Result,all-india,https://www.indianexaminfo.com/sarkari-naukri/ibps-po-2026-prelims-result,0,0,no,no,no,no
ibps-rrb-clerk-2026-prelims-result,IBPS RRB Office Assistant 2026 Prelims Result,all-india,https://www.indianexaminfo.com/sarkari-naukri/ibps-rrb-clerk-2026-prelims-result,0,0,no,no,no,no
ibps-rrb-po-2026-prelims-result,IBPS RRB Officer Scale I 2026 Prelims Result,all-india,https://www.indianexaminfo.com/sarkari-naukri/ibps-rrb-po-2026-prelims-result,0,0,no,no,no,no
ibps-so-2026-prelims-result,IBPS Specialist Officers 2026 Prelims Result,all-india,https://www.indianexaminfo.com/sarkari-naukri/ibps-so-2026-prelims-result,0,0,no,no,no,no
isro-scientist-2026-result,ISRO Scientist/Engineer SC 2026 Written Exam Result,all-india,https://www.indianexaminfo.com/sarkari-naukri/isro-scientist-2026-result,0,0,no,no,no,no
jharkhand-anganwadi-bharti-2026-dhanbad,Jharkhand Anganwadi Recruitment 2026 Dhanbad District – 420 Posts,jharkhand,https://www.indianexaminfo.com/sarkari-naukri/jharkhand-anganwadi-bharti-2026-dhanbad,0,0,no,no,no,no
jharkhand-anganwadi-sevika-sahayika-2026-ranchi,Jharkhand Anganwadi Sevika Sahayika Bharti 2026 Ranchi,jharkhand,https://www.indianexaminfo.com/sarkari-naukri/jharkhand-anganwadi-sevika-sahayika-2026-ranchi,0,0,no,no,no,no
jharkhand-district-court-peon-2026-ranchi,Jharkhand District Court Peon/Orderly 2026 Ranchi – 92 Posts,jharkhand,https://www.indianexaminfo.com/sarkari-naukri/jharkhand-district-court-peon-2026-ranchi,0,0,no,no,no,no
jharkhand-nagar-nigam-safai-2026-ranchi,Jharkhand Nagar Nigam Safai Karmachari 2026 Ranchi – 380 Posts,jharkhand,https://www.indianexaminfo.com/sarkari-naukri/jharkhand-nagar-nigam-safai-2026-ranchi,0,0,no,no,no,no
jharkhand-panchayat-secretary-bharti-2026,"Jharkhand Panchayat Secretary Recruitment 2026 – 1,800 Posts",jharkhand,https://www.indianexaminfo.com/sarkari-naukri/jharkhand-panchayat-secretary-bharti-2026,0,0,no,no,no,no
karnataka-anganwadi-2026-mysore,Karnataka High Court Group D Recruitment 2026 – 106 Peon/Watchman/Sweeper Posts,karnataka,https://www.indianexaminfo.com/sarkari-naukri/karnataka-anganwadi-2026-mysore,0,0,no,no,no,no
karnataka-anganwadi-bharti-2026-bangalore,Karnataka Anganwadi Worker/Helper Recruitment 2026 Bangalore Urban,karnataka,https://www.indianexaminfo.com/sarkari-naukri/karnataka-anganwadi-bharti-2026-bangalore,0,0,no,no,no,no
karnataka-gram-panchayat-secretary-2026,"Karnataka Gram Panchayat Secretary (PDO) Recruitment 2026 – 2,800 Posts",karnataka,https://www.indianexaminfo.com/sarkari-naukri/karnataka-gram-panchayat-secretary-2026,0,0,no,no,no,no
karnataka-ksrtc-driver-conductor-2026,"Karnataka KSRTC Driver/Conductor 2026 – 2,500 Posts",karnataka,https://www.indianexaminfo.com/sarkari-naukri/karnataka-ksrtc-driver-conductor-2026,0,0,no,no,no,no
karnataka-nagar-palike-pourakarmikas-2026-mysore,Karnataka Nagar Palike Pourakarmikas 2026 Mysore – 420 Posts,karnataka,https://www.indianexaminfo.com/sarkari-naukri/karnataka-nagar-palike-pourakarmikas-2026-mysore,0,0,no,no,no,no
kerala-anganwadi-worker-helper-2026-ernakulam,Kerala Anganwadi Worker & Helper Recruitment 2026 Ernakulam,kerala,https://www.indianexaminfo.com/sarkari-naukri/kerala-anganwadi-worker-helper-2026-ernakulam,0,0,no,no,no,no
lic-aao-2026-prelims-result,LIC AAO 2026 Prelims Result,all-india,https://www.indianexaminfo.com/sarkari-naukri/lic-aao-2026-prelims-result,0,0,no,no,no,no
lic-ado-2026-prelims-result,LIC ADO 2026 Prelims Result,all-india,https://www.indianexaminfo.com/sarkari-naukri/lic-ado-2026-prelims-result,0,0,no,no,no,no
madhya-pradesh-patwari-halka-2026-sagar,MP Patwari (Revenue Inspector) Recruitment 2026 Sagar Division – 850 Posts,madhya-pradesh,https://www.indianexaminfo.com/sarkari-naukri/madhya-pradesh-patwari-halka-2026-sagar,0,0,no,no,no,no
maharashtra-asha-worker-bharti-2026-thane,Maharashtra ASHA Worker Recruitment 2026 Thane District – 520 Posts,maharashtra,https://www.indianexaminfo.com/sarkari-naukri/maharashtra-asha-worker-bharti-2026-thane,0,0,no,no,no,no
maharashtra-district-court-peon-2026-mumbai,Maharashtra District Court Peon/Hamal Recruitment 2026 Mumbai – 180 Posts,maharashtra,https://www.indianexaminfo.com/sarkari-naukri/maharashtra-district-court-peon-2026-mumbai,0,0,no,no,no,no
maharashtra-gram-sevak-2026-marathwada,"Maharashtra Gram Sevak 2026 Marathwada Region – 1,200 Posts",maharashtra,https://www.indianexaminfo.com/sarkari-naukri/maharashtra-gram-sevak-2026-marathwada,0,0,no,no,no,no
maharashtra-gram-sevak-2026-vidarbha,"Maharashtra Gram Sevak 2026 Vidarbha Region – 1,500 Posts",maharashtra,https://www.indianexaminfo.com/sarkari-naukri/maharashtra-gram-sevak-2026-vidarbha,0,0,no,no,no,no
maharashtra-gramsevak-bharti-2026-all-zp,"Maharashtra Gram Sevak Recruitment 2026 All Zila Parishads – 5,200 Posts",maharashtra,https://www.indianexaminfo.com/sarkari-naukri/maharashtra-gramsevak-bharti-2026-all-zp,0,0,no,no,no,no
maharashtra-msrtc-driver-conductor-2026,"Maharashtra MSRTC Driver/Conductor 2026 – 3,000 Posts",maharashtra,https://www.indianexaminfo.com/sarkari-naukri/maharashtra-msrtc-driver-conductor-2026,0,0,no,no,no,no
maharashtra-nagar-parishad-clerk-peon-2026-nashik,Maharashtra Nagar Parishad Clerk/Peon 2026 Nashik – 250 Posts,maharashtra,https://www.indianexaminfo.com/sarkari-naukri/maharashtra-nagar-parishad-clerk-peon-2026-nashik,0,0,no,no,no,no
maharashtra-primary-health-centre-mphw-2026,"Maharashtra PHC Multi-Purpose Health Worker 2026 – 2,200 Posts",maharashtra,https://www.indianexaminfo.com/sarkari-naukri/maharashtra-primary-health-centre-mphw-2026,0,0,no,no,no,no
maharashtra-talathi-2026-result,Maharashtra Talathi 2026 CBT Result,maharashtra,https://www.indianexaminfo.com/sarkari-naukri/maharashtra-talathi-2026-result,0,0,no,no,no,no
maharashtra-talathi-revenue-2026-amravati,Maharashtra Talathi Recruitment 2026 Amravati Division – 850 Posts,maharashtra,https://www.indianexaminfo.com/sarkari-naukri/maharashtra-talathi-revenue-2026-amravati,0,0,no,no,no,no
maharashtra-zila-parishad-group-d-2026-pune,Maharashtra Zila Parishad Group D Recruitment 2026 Pune – 320 Posts,maharashtra,https://www.indianexaminfo.com/sarkari-naukri/maharashtra-zila-parishad-group-d-2026-pune,0,0,no,no,no,no
maharashtra-zp-group-c-bharti-2026-nagpur,Maharashtra ZP Group C Recruitment 2026 Nagpur – 450 Posts,maharashtra,https://www.indianexaminfo.com/sarkari-naukri/maharashtra-zp-group-c-bharti-2026-nagpur,0,0,no,no,no,no
maharashtra-zp-group-c-d-2026-ahmednagar,Maharashtra ZP Group C & D 2026 Ahmednagar District – 380 Posts,maharashtra,https://www.indianexaminfo.com/sarkari-naukri/maharashtra-zp-group-c-d-2026-ahmednagar,0,0,no,no,no,no
maharashtra-zp-group-c-d-2026-jalgaon,Maharashtra ZP Group C & D 2026 Jalgaon District – 350 Posts,maharashtra,https://www.indianexaminfo.com/sarkari-naukri/maharashtra-zp-group-c-d-2026-jalgaon,0,0,no,no,no,no
maharashtra-zp-group-d-2026-aurangabad,Maharashtra ZP Group D 2026 Chhatrapati Sambhajinagar – 240 Posts,maharashtra,https://www.indianexaminfo.com/sarkari-naukri/maharashtra-zp-group-d-2026-aurangabad,0,0,no,no,no,no
maharashtra-zp-group-d-2026-kolhapur,Maharashtra ZP Group D 2026 Kolhapur District – 195 Posts,maharashtra,https://www.indianexaminfo.com/sarkari-naukri/maharashtra-zp-group-d-2026-kolhapur,0,0,no,no,no,no
maharashtra-zp-group-d-2026-nashik,Maharashtra Tribal Dept Chowkidar Recruitment 2026 Nashik – 478 Posts,maharashtra,https://www.indianexaminfo.com/sarkari-naukri/maharashtra-zp-group-d-2026-nashik,0,0,no,no,no,no
maharashtra-zp-group-d-2026-raigad,Maharashtra ZP Group D 2026 Raigad District – 175 Posts,maharashtra,https://www.indianexaminfo.com/sarkari-naukri/maharashtra-zp-group-d-2026-raigad,0,0,no,no,no,no
maharashtra-zp-group-d-2026-satara,Maharashtra ZP Group D 2026 Satara District – 210 Posts,maharashtra,https://www.indianexaminfo.com/sarkari-naukri/maharashtra-zp-group-d-2026-satara,0,0,no,no,no,no
maharashtra-zp-group-d-2026-solapur,Maharashtra ZP Group D 2026 Solapur District – 230 Posts,maharashtra,https://www.indianexaminfo.com/sarkari-naukri/maharashtra-zp-group-d-2026-solapur,0,0,no,no,no,no
maharashtra-zp-group-d-2026-thane,Maharashtra ZP Group D 2026 Thane District – 280 Posts,maharashtra,https://www.indianexaminfo.com/sarkari-naukri/maharashtra-zp-group-d-2026-thane,0,0,no,no,no,no
maharashtra-zp-health-worker-2026-sangli,Maharashtra ZP Health Worker (Male/Female) 2026 Sangli – 180 Posts,maharashtra,https://www.indianexaminfo.com/sarkari-naukri/maharashtra-zp-health-worker-2026-sangli,0,0,no,no,no,no
mp-anganwadi-bharti-2026-bhopal-indore,"MP Anganwadi Recruitment 2026 – Bhopal & Indore Division 2,100 Posts",madhya-pradesh,https://www.indianexaminfo.com/sarkari-naukri/mp-anganwadi-bharti-2026-bhopal-indore,0,0,no,no,no,no
mp-anganwadi-bharti-2026-gwalior-chambal,"MP Anganwadi Recruitment 2026 Gwalior-Chambal Division – 1,200 Posts",madhya-pradesh,https://www.indianexaminfo.com/sarkari-naukri/mp-anganwadi-bharti-2026-gwalior-chambal,0,0,no,no,no,no
mp-anganwadi-bharti-2026-jabalpur-division,"MP Anganwadi Recruitment 2026 Jabalpur Division – 1,500 Posts",madhya-pradesh,https://www.indianexaminfo.com/sarkari-naukri/mp-anganwadi-bharti-2026-jabalpur-division,0,0,no,no,no,no
mp-anganwadi-bharti-2026-rewa-division,"MP Anganwadi 2026 Rewa Division – 1,100 Posts",madhya-pradesh,https://www.indianexaminfo.com/sarkari-naukri/mp-anganwadi-bharti-2026-rewa-division,0,0,no,no,no,no
mp-asha-worker-bharti-2026-jabalpur,MP ASHA Worker Recruitment 2026 Jabalpur Division – 950 Posts,madhya-pradesh,https://www.indianexaminfo.com/sarkari-naukri/mp-asha-worker-bharti-2026-jabalpur,0,0,no,no,no,no
mp-district-court-peon-group-d-2026-gwalior,MP District Court Peon Group D Recruitment 2026 Gwalior,madhya-pradesh,https://www.indianexaminfo.com/sarkari-naukri/mp-district-court-peon-group-d-2026-gwalior,0,0,no,no,no,no
mp-district-hospital-lab-assistant-2026,"MP District Hospital Lab Assistant/Technician 2026 All Districts – 1,200 Posts",madhya-pradesh,https://www.indianexaminfo.com/sarkari-naukri/mp-district-hospital-lab-assistant-2026,0,0,no,no,no,no
mp-electricity-lineman-2026,"MP Vidyut Vibhag Lineman Recruitment 2026 – 2,800 Posts",madhya-pradesh,https://www.indianexaminfo.com/sarkari-naukri/mp-electricity-lineman-2026,0,0,no,no,no,no
mp-forest-guard-bharti-2026,"MP Forest Guard (Van Rakshak) Recruitment 2026 – 1,800 Posts",madhya-pradesh,https://www.indianexaminfo.com/sarkari-naukri/mp-forest-guard-bharti-2026,0,0,no,no,no,no
mp-gds-bharti-2026,"MP Gramin Dak Sevak (GDS) Recruitment 2026 – 3,100 Posts",madhya-pradesh,https://www.indianexaminfo.com/sarkari-naukri/mp-gds-bharti-2026,0,0,no,no,no,no
mp-govt-driver-bharti-2026-transport-dept,MP Government Driver Recruitment 2026 Transport Department – 420 Posts,madhya-pradesh,https://www.indianexaminfo.com/sarkari-naukri/mp-govt-driver-bharti-2026-transport-dept,0,0,no,no,no,no
mp-guest-faculty-samvida-shikshak-2026,"MP Samvida Shikshak (Guest Faculty) Group 3 2026 – 8,000 Posts",madhya-pradesh,https://www.indianexaminfo.com/sarkari-naukri/mp-guest-faculty-samvida-shikshak-2026,0,0,no,no,no,no
mp-home-guard-bharti-2026,"MP Home Guard Recruitment 2026 – 4,200 Posts",madhya-pradesh,https://www.indianexaminfo.com/sarkari-naukri/mp-home-guard-bharti-2026,0,0,no,no,no,no
mp-hospital-group-d-2026-all-districts,"MP Hospital Group D (Ward Boy/Aya/Sweeper) 2026 – 2,800 Posts",madhya-pradesh,https://www.indianexaminfo.com/sarkari-naukri/mp-hospital-group-d-2026-all-districts,0,0,no,no,no,no
mp-hospital-sweeper-group-d-2026,"MP Government Hospital Sweeper/Group D 2026 – 2,000 Posts",madhya-pradesh,https://www.indianexaminfo.com/sarkari-naukri/mp-hospital-sweeper-group-d-2026,0,0,no,no,no,no
mp-jail-prahari-bharti-2026,"MP Jail Prahari (Prison Guard) Recruitment 2026 – 1,200 Posts",madhya-pradesh,https://www.indianexaminfo.com/sarkari-naukri/mp-jail-prahari-bharti-2026,0,0,no,no,no,no
mp-nagar-nigam-bhopal-safai-2026,MP Nagar Nigam Bhopal Safai Karmachari 2026 – 900 Posts,madhya-pradesh,https://www.indianexaminfo.com/sarkari-naukri/mp-nagar-nigam-bhopal-safai-2026,0,0,no,no,no,no
mp-nagar-nigam-indore-safai-karmi-2026,"MP Nagar Nigam Indore Safai Karmachari Recruitment 2026 – 1,500 Posts",madhya-pradesh,https://www.indianexaminfo.com/sarkari-naukri/mp-nagar-nigam-indore-safai-karmi-2026,0,0,no,no,no,no
mp-nagar-palika-various-post-2026-bhopal,MP Nagar Palika Various Posts Recruitment 2026 Bhopal Region,madhya-pradesh,https://www.indianexaminfo.com/sarkari-naukri/mp-nagar-palika-various-post-2026-bhopal,0,0,no,no,no,no
mp-nhm-cho-bharti-2026,"MP NHM Community Health Officer 2026 – 3,200 Posts",madhya-pradesh,https://www.indianexaminfo.com/sarkari-naukri/mp-nhm-cho-bharti-2026,0,0,no,no,no,no
mp-nhm-lab-technician-2026-all-districts,"MP NHM Lab Technician Recruitment 2026 All Districts – 1,800 Posts",madhya-pradesh,https://www.indianexaminfo.com/sarkari-naukri/mp-nhm-lab-technician-2026-all-districts,0,0,no,no,no,no
mp-patwari-2026-result,MP Patwari 2026 CBT Result,madhya-pradesh,https://www.indianexaminfo.com/sarkari-naukri/mp-patwari-2026-result,0,0,no,no,no,no
mp-patwari-bharti-2026-bhopal-division,MP Patwari 2026 Bhopal Division – 720 Posts,madhya-pradesh,https://www.indianexaminfo.com/sarkari-naukri/mp-patwari-bharti-2026-bhopal-division,0,0,no,no,no,no
mp-patwari-bharti-2026-indore-division,MP Patwari 2026 Indore Division – 680 Posts,madhya-pradesh,https://www.indianexaminfo.com/sarkari-naukri/mp-patwari-bharti-2026-indore-division,0,0,no,no,no,no
mp-police-constable-driver-2026,MP Police Constable (Driver) 2026 – 800 Posts,all-india,https://www.indianexaminfo.com/sarkari-naukri/mp-police-constable-driver-2026,0,0,no,no,no,no
mp-pwd-beldar-helper-2026,"MP PWD Beldar/Peon/Helper 2026 – 1,800 Posts",madhya-pradesh,https://www.indianexaminfo.com/sarkari-naukri/mp-pwd-beldar-helper-2026,0,0,no,no,no,no
mp-roadways-driver-conductor-2026,"MP Roadways (MPSRTC) Driver/Conductor 2026 – 2,000 Posts",madhya-pradesh,https://www.indianexaminfo.com/sarkari-naukri/mp-roadways-driver-conductor-2026,0,0,no,no,no,no
mpsc-2026-prelims-result,MPSC State Services 2026 Prelims Result,madhya-pradesh,https://www.indianexaminfo.com/sarkari-naukri/mpsc-2026-prelims-result,0,0,no,no,no,no
nabard-grade-a-2026-prelims-result,NABARD Grade A 2026 Prelims Result,all-india,https://www.indianexaminfo.com/sarkari-naukri/nabard-grade-a-2026-prelims-result,0,0,no,no,no,no
niacl-ao-2026-prelims-result,NIACL Administrative Officer 2026 Prelims Result,all-india,https://www.indianexaminfo.com/sarkari-naukri/niacl-ao-2026-prelims-result,0,0,no,no,no,no
odisha-anganwadi-2026-cuttack,Odisha Anganwadi Recruitment 2026 Cuttack District – 450 Posts,odisha,https://www.indianexaminfo.com/sarkari-naukri/odisha-anganwadi-2026-cuttack,0,0,no,no,no,no
odisha-anganwadi-2026-ganjam,Odisha Anganwadi 2026 Ganjam District – 520 Posts,odisha,https://www.indianexaminfo.com/sarkari-naukri/odisha-anganwadi-2026-ganjam,0,0,no,no,no,no
odisha-anganwadi-worker-helper-2026-bhubaneswar,Odisha Anganwadi Worker & Helper Recruitment 2026 Khordha District,odisha,https://www.indianexaminfo.com/sarkari-naukri/odisha-anganwadi-worker-helper-2026-bhubaneswar,0,0,no,no,no,no
odisha-gram-rozgar-sevak-2026,"Odisha Gram Rozgar Sevak (GRS) Recruitment 2026 – 2,200 Posts",odisha,https://www.indianexaminfo.com/sarkari-naukri/odisha-gram-rozgar-sevak-2026,0,0,no,no,no,no
punjab-anganwadi-bharti-2026-ludhiana,Punjab Anganwadi Recruitment 2026 Ludhiana District – 520 Posts,punjab,https://www.indianexaminfo.com/sarkari-naukri/punjab-anganwadi-bharti-2026-ludhiana,0,0,no,no,no,no
punjab-gram-sevak-bharti-2026,"Punjab Gram Sewak Recruitment 2026 – 1,400 Posts",punjab,https://www.indianexaminfo.com/sarkari-naukri/punjab-gram-sevak-bharti-2026,0,0,no,no,no,no
rajasthan-ambulance-driver-108-2026,Rajasthan 108 Ambulance Driver 2026 – 700 Posts,rajasthan,https://www.indianexaminfo.com/sarkari-naukri/rajasthan-ambulance-driver-108-2026,0,0,no,no,no,no
rajasthan-anganwadi-bharti-2026-ajmer,Rajasthan Anganwadi Recruitment 2026 Ajmer District – 720 Posts,rajasthan,https://www.indianexaminfo.com/sarkari-naukri/rajasthan-anganwadi-bharti-2026-ajmer,0,0,no,no,no,no
rajasthan-anganwadi-bharti-2026-bikaner,Rajasthan Anganwadi 2026 Bikaner District – 680 Posts,rajasthan,https://www.indianexaminfo.com/sarkari-naukri/rajasthan-anganwadi-bharti-2026-bikaner,0,0,no,no,no,no
rajasthan-anganwadi-bharti-2026-kota,Rajasthan Anganwadi 2026 Kota District – 520 Posts,rajasthan,https://www.indianexaminfo.com/sarkari-naukri/rajasthan-anganwadi-bharti-2026-kota,0,0,no,no,no,no
rajasthan-anganwadi-bharti-2026-udaipur,Rajasthan Anganwadi Recruitment 2026 Udaipur District – 980 Posts,rajasthan,https://www.indianexaminfo.com/sarkari-naukri/rajasthan-anganwadi-bharti-2026-udaipur,0,0,no,no,no,no
rajasthan-anganwadi-worker-helper-bharti-2026-jaipur,"Rajasthan Anganwadi Recruitment 2026 Jaipur District – 1,250 Posts",rajasthan,https://www.indianexaminfo.com/sarkari-naukri/rajasthan-anganwadi-worker-helper-bharti-2026-jaipur,0,0,no,no,no,no
rajasthan-asha-sahyogini-bharti-2026-jodhpur,Rajasthan ASHA Sahyogini Recruitment 2026 Jodhpur District,rajasthan,https://www.indianexaminfo.com/sarkari-naukri/rajasthan-asha-sahyogini-bharti-2026-jodhpur,0,0,no,no,no,no
rajasthan-chc-pharmacist-bharti-2026,"Rajasthan CHC/PHC Pharmacist Recruitment 2026 – 1,400 Posts",rajasthan,https://www.indianexaminfo.com/sarkari-naukri/rajasthan-chc-pharmacist-bharti-2026,0,0,no,no,no,no
rajasthan-chc-phc-anm-gnm-bharti-2026,"Rajasthan CHC/PHC ANM & GNM Staff Nurse Recruitment 2026 – 3,200 Posts",rajasthan,https://www.indianexaminfo.com/sarkari-naukri/rajasthan-chc-phc-anm-gnm-bharti-2026,0,0,no,no,no,no
rajasthan-cooperative-bank-clerk-2026,Rajasthan Cooperative Bank Clerk 2026 – 950 Posts,rajasthan,https://www.indianexaminfo.com/sarkari-naukri/rajasthan-cooperative-bank-clerk-2026,0,0,no,no,no,no
rajasthan-district-court-class4-bharti-2026-jodhpur,Rajasthan District Court Class IV Recruitment 2026 Jodhpur,rajasthan,https://www.indianexaminfo.com/sarkari-naukri/rajasthan-district-court-class4-bharti-2026-jodhpur,0,0,no,no,no,no
rajasthan-district-court-peon-2026-jaipur,Rajasthan District Court Class IV 2026 Jaipur Metropolitan – 110 Posts,rajasthan,https://www.indianexaminfo.com/sarkari-naukri/rajasthan-district-court-peon-2026-jaipur,0,0,no,no,no,no
rajasthan-gds-bharti-2026,"Rajasthan Gramin Dak Sevak (GDS) Recruitment 2026 – 2,800 Posts",rajasthan,https://www.indianexaminfo.com/sarkari-naukri/rajasthan-gds-bharti-2026,0,0,no,no,no,no
rajasthan-gds-bharti-2026-jodhpur-division,Rajasthan GDS 2026 Jodhpur Postal Division – 580 Posts,rajasthan,https://www.indianexaminfo.com/sarkari-naukri/rajasthan-gds-bharti-2026-jodhpur-division,0,0,no,no,no,no
rajasthan-govt-driver-bharti-2026-rsmssb,Rajasthan Government Driver Recruitment 2026 RSMSSB – 680 Posts,rajasthan,https://www.indianexaminfo.com/sarkari-naukri/rajasthan-govt-driver-bharti-2026-rsmssb,0,0,no,no,no,no
rajasthan-gram-sevak-bharti-2026,"Rajasthan Gram Sevak Recruitment 2026 – 4,200 Posts via RSMSSB",rajasthan,https://www.indianexaminfo.com/sarkari-naukri/rajasthan-gram-sevak-bharti-2026,0,0,no,no,no,no
rajasthan-gramin-dak-sevak-2026-jaipur-division,Rajasthan GDS 2026 Jaipur Postal Division – 680 Posts,rajasthan,https://www.indianexaminfo.com/sarkari-naukri/rajasthan-gramin-dak-sevak-2026-jaipur-division,0,0,no,no,no,no
rajasthan-gramin-vikas-adhikari-2026,"Rajasthan Gramin Vikas Adhikari (Rural Dev Officer) 2026 – 1,400 Posts",rajasthan,https://www.indianexaminfo.com/sarkari-naukri/rajasthan-gramin-vikas-adhikari-2026,0,0,no,no,no,no
rajasthan-home-guard-bharti-2026,"Rajasthan Home Guard Recruitment 2026 – 3,500 Posts",rajasthan,https://www.indianexaminfo.com/sarkari-naukri/rajasthan-home-guard-bharti-2026,0,0,no,no,no,no
rajasthan-hospital-attendant-2026-all-districts,"Rajasthan Hospital Attendant 2026 State Level – 3,000 Posts",rajasthan,https://www.indianexaminfo.com/sarkari-naukri/rajasthan-hospital-attendant-2026-all-districts,0,0,no,no,no,no
rajasthan-hospital-attendant-bharti-2026,"Rajasthan Hospital Attendant/Ward Boy Recruitment 2026 – 2,500 Posts",rajasthan,https://www.indianexaminfo.com/sarkari-naukri/rajasthan-hospital-attendant-bharti-2026,0,0,no,no,no,no
rajasthan-hospital-sweeper-2026,"Rajasthan Government Hospital Sweeper 2026 – 1,800 Posts",rajasthan,https://www.indianexaminfo.com/sarkari-naukri/rajasthan-hospital-sweeper-2026,0,0,no,no,no,no
rajasthan-krishi-paryavekshak-2026,"Rajasthan Krishi Paryavekshak (Agriculture Supervisor) 2026 – 1,600 Posts",rajasthan,https://www.indianexaminfo.com/sarkari-naukri/rajasthan-krishi-paryavekshak-2026,0,0,no,no,no,no
rajasthan-mahila-supervisor-2026,"Rajasthan Mahila Supervisor (ICDS) 2026 – 1,200 Posts",rajasthan,https://www.indianexaminfo.com/sarkari-naukri/rajasthan-mahila-supervisor-2026,0,0,no,no,no,no
rajasthan-medical-college-group-d-2026,"Rajasthan Medical College Group D 2026 – 1,500 Posts",rajasthan,https://www.indianexaminfo.com/sarkari-naukri/rajasthan-medical-college-group-d-2026,0,0,no,no,no,no
rajasthan-mgnrega-mate-bharti-2026,"Rajasthan MGNREGA Mate Recruitment 2026 – 5,000 Posts",rajasthan,https://www.indianexaminfo.com/sarkari-naukri/rajasthan-mgnrega-mate-bharti-2026,0,0,no,no,no,no
rajasthan-nagar-palika-safai-2026-udaipur,Rajasthan Nagar Palika Safai Karmachari 2026 Udaipur – 380 Posts,rajasthan,https://www.indianexaminfo.com/sarkari-naukri/rajasthan-nagar-palika-safai-2026-udaipur,0,0,no,no,no,no
rajasthan-nagar-palika-safai-karmi-2026-jaipur,Rajasthan Nagar Palika Safai Karmachari Recruitment 2026 Jaipur,rajasthan,https://www.indianexaminfo.com/sarkari-naukri/rajasthan-nagar-palika-safai-karmi-2026-jaipur,0,0,no,no,no,no
rajasthan-nagar-palika-tax-collector-2026,"Rajasthan Nagar Palika Tax Collector 2026 – 1,800 Posts",rajasthan,https://www.indianexaminfo.com/sarkari-naukri/rajasthan-nagar-palika-tax-collector-2026,0,0,no,no,no,no
rajasthan-nagar-palika-various-2026-kota,Rajasthan Nagar Palika Kota Various Posts 2026 – 220 Posts,rajasthan,https://www.indianexaminfo.com/sarkari-naukri/rajasthan-nagar-palika-various-2026-kota,0,0,no,no,no,no
rajasthan-nhm-cho-bharti-2026,"Rajasthan NHM Community Health Officer 2026 – 2,800 Posts",rajasthan,https://www.indianexaminfo.com/sarkari-naukri/rajasthan-nhm-cho-bharti-2026,0,0,no,no,no,no
rajasthan-patwari-bharti-2026-jaipur-division,"Rajasthan Patwari Result 2026 Declared – 3,705 Vacancies (Exam May 17)",rajasthan,https://www.indianexaminfo.com/sarkari-naukri/rajasthan-patwari-bharti-2026-jaipur-division,0,0,no,no,no,no
rajasthan-patwari-bharti-2026-jodhpur-division,Rajasthan Patwari 2026 Jodhpur Division – 950 Posts,rajasthan,https://www.indianexaminfo.com/sarkari-naukri/rajasthan-patwari-bharti-2026-jodhpur-division,0,0,no,no,no,no
rajasthan-phed-pump-operator-2026,"Rajasthan PHED Pump Operator/Mechanic 2026 – 1,100 Posts",rajasthan,https://www.indianexaminfo.com/sarkari-naukri/rajasthan-phed-pump-operator-2026,0,0,no,no,no,no
rajasthan-roadways-driver-2026,"Rajasthan Roadways Driver Recruitment 2026 – 1,200 Posts",rajasthan,https://www.indianexaminfo.com/sarkari-naukri/rajasthan-roadways-driver-2026,0,0,no,no,no,no
rajasthan-school-lab-assistant-2026,"Rajasthan Government School Lab Assistant Recruitment 2026 – 1,800 Posts",rajasthan,https://www.indianexaminfo.com/sarkari-naukri/rajasthan-school-lab-assistant-2026,0,0,no,no,no,no
rajasthan-school-peon-chowkidar-2026,"Rajasthan Government School Peon/Chowkidar Recruitment 2026 – 4,800 Posts",rajasthan,https://www.indianexaminfo.com/sarkari-naukri/rajasthan-school-peon-chowkidar-2026,0,0,no,no,no,no
rajasthan-vidyut-vibhag-helper-2026,"Rajasthan Vidyut Vibhag Helper/Lineman Recruitment 2026 – 2,400 Posts",rajasthan,https://www.indianexaminfo.com/sarkari-naukri/rajasthan-vidyut-vibhag-helper-2026,0,0,no,no,no,no
rbi-assistant-2026-prelims-result,RBI Assistant 2026 Prelims Result,all-india,https://www.indianexaminfo.com/sarkari-naukri/rbi-assistant-2026-prelims-result,0,0,no,no,no,no
rbi-grade-b-2026-phase1-result,RBI Grade B Phase-I Result 2026,all-india,https://www.indianexaminfo.com/sarkari-naukri/rbi-grade-b-2026-phase1-result,0,0,no,no,no,no
rpsc-ras-2026-prelims-result,RPSC RAS 2026 Prelims Result,rajasthan,https://www.indianexaminfo.com/sarkari-naukri/rpsc-ras-2026-prelims-result,0,0,no,no,no,no
rrb-alp-2026-cbt2-result,RRB Assistant Loco Pilot CBT-2 Result 2026,all-india,https://www.indianexaminfo.com/sarkari-naukri/rrb-alp-2026-cbt2-result,0,0,no,no,no,no
rrb-je-2026-cbt1-result,RRB Junior Engineer CBT-1 Result 2026,all-india,https://www.indianexaminfo.com/sarkari-naukri/rrb-je-2026-cbt1-result,0,0,no,no,no,no
rrb-ntpc-2026-cbt1-result,RRB NTPC Graduate Level 2026 CBT-1 Result,all-india,https://www.indianexaminfo.com/sarkari-naukri/rrb-ntpc-2026-cbt1-result,0,0,no,no,no,no
rrb-ntpc-ug-2026-result,RRB NTPC Under Graduate Level 2026 CBT-1 Result,all-india,https://www.indianexaminfo.com/sarkari-naukri/rrb-ntpc-ug-2026-result,0,0,no,no,no,no
rrb-paramedical-2026-result,RRB Paramedical Categories 2026 CBT Result,all-india,https://www.indianexaminfo.com/sarkari-naukri/rrb-paramedical-2026-result,0,0,no,no,no,no
rrb-section-controller-2026-result,RRB Section Controller 2026 CBT Result,all-india,https://www.indianexaminfo.com/sarkari-naukri/rrb-section-controller-2026-result,0,0,no,no,no,no
rrb-technician-2026-result,RRB Technician CBT Result 2026,all-india,https://www.indianexaminfo.com/sarkari-naukri/rrb-technician-2026-result,0,0,no,no,no,no
sail-mt-2026-result,SAIL Management Trainee Technical 2026 Result,all-india,https://www.indianexaminfo.com/sarkari-naukri/sail-mt-2026-result,0,0,no,no,no,no
sbi-clerk-2026-prelims-result,SBI Junior Associates (Clerk) 2026 Prelims Result,all-india,https://www.indianexaminfo.com/sarkari-naukri/sbi-clerk-2026-prelims-result,0,0,no,no,no,no
sbi-po-2026-prelims-result,SBI PO 2026 Prelims Result Declared,all-india,https://www.indianexaminfo.com/sarkari-naukri/sbi-po-2026-prelims-result,0,0,no,no,no,no
sbi-so-2026-result,SBI Specialist Officers 2026 Written Result,all-india,https://www.indianexaminfo.com/sarkari-naukri/sbi-so-2026-result,0,0,no,no,no,no
ssc-cgl-2026-tier1-result,SSC CGL 2026 Tier-I Result Declared,all-india,https://www.indianexaminfo.com/sarkari-naukri/ssc-cgl-2026-tier1-result,0,0,no,no,no,no
ssc-cpo-2026-paper1-result,SSC CPO Sub-Inspector 2026 Paper-I Result,all-india,https://www.indianexaminfo.com/sarkari-naukri/ssc-cpo-2026-paper1-result,0,0,no,no,no,no
ssc-gd-constable-2027-result,SSC GD Constable 2027 CBE Result,all-india,https://www.indianexaminfo.com/sarkari-naukri/ssc-gd-constable-2027-result,0,0,no,no,no,no
ssc-je-2026-paper1-result,SSC Junior Engineer 2026 Paper-I Result,all-india,https://www.indianexaminfo.com/sarkari-naukri/ssc-je-2026-paper1-result,0,0,no,no,no,no
ssc-jht-2026-paper1-result,SSC Junior Hindi Translator 2026 Paper-I Result,all-india,https://www.indianexaminfo.com/sarkari-naukri/ssc-jht-2026-paper1-result,0,0,no,no,no,no
ssc-mts-2026-result,SSC MTS 2026 CBE Result,all-india,https://www.indianexaminfo.com/sarkari-naukri/ssc-mts-2026-result,0,0,no,no,no,no
ssc-selection-post-xiv-result,SSC Selection Post Phase-XIV 2026 Result,all-india,https://www.indianexaminfo.com/sarkari-naukri/ssc-selection-post-xiv-result,0,0,no,no,no,no
ssc-steno-2026-result,SSC Stenographer Grade C & D 2026 CBE Result,all-india,https://www.indianexaminfo.com/sarkari-naukri/ssc-steno-2026-result,0,0,no,no,no,no
tamil-nadu-anganwadi-2026-coimbatore,Tamil Nadu Anganwadi Worker Helper 2026 Coimbatore – 580 Posts,tamil-nadu,https://www.indianexaminfo.com/sarkari-naukri/tamil-nadu-anganwadi-2026-coimbatore,0,0,no,no,no,no
tamil-nadu-anganwadi-2026-madurai,Tamil Nadu Anganwadi 2026 Madurai District – 520 Posts,tamil-nadu,https://www.indianexaminfo.com/sarkari-naukri/tamil-nadu-anganwadi-2026-madurai,0,0,no,no,no,no
tamil-nadu-tnstc-driver-conductor-2026,"Tamil Nadu TNSTC Driver/Conductor 2026 – 2,200 Posts",tamil-nadu,https://www.indianexaminfo.com/sarkari-naukri/tamil-nadu-tnstc-driver-conductor-2026,0,0,no,no,no,no
tamil-nadu-village-administrative-officer-2026,"Tamil Nadu Village Administrative Officer (VAO) Recruitment 2026 – 1,500 Posts",tamil-nadu,https://www.indianexaminfo.com/sarkari-naukri/tamil-nadu-village-administrative-officer-2026,0,0,no,no,no,no
tamil-nadu-village-assistant-2026,"Tamil Nadu Village Assistant Recruitment 2026 – 3,000 Posts",tamil-nadu,https://www.indianexaminfo.com/sarkari-naukri/tamil-nadu-village-assistant-2026,0,0,no,no,no,no
telangana-anganwadi-teacher-helper-2026-hyderabad,Telangana Anganwadi Teacher & Ayah Recruitment 2026 Hyderabad District,telangana,https://www.indianexaminfo.com/sarkari-naukri/telangana-anganwadi-teacher-helper-2026-hyderabad,0,0,no,no,no,no
telangana-asha-worker-bharti-2026-rangareddy,Telangana ASHA Worker Recruitment 2026 Rangareddy District – 380 Posts,telangana,https://www.indianexaminfo.com/sarkari-naukri/telangana-asha-worker-bharti-2026-rangareddy,0,0,no,no,no,no
telangana-grama-panchayat-secretary-2026,"Telangana Grama Panchayat Secretary Recruitment 2026 – 1,800 Posts",telangana,https://www.indianexaminfo.com/sarkari-naukri/telangana-grama-panchayat-secretary-2026,0,0,no,no,no,no
tspsc-group1-2026-prelims-result,TSPSC Group 1 2026 Prelims Result,telangana,https://www.indianexaminfo.com/sarkari-naukri/tspsc-group1-2026-prelims-result,0,0,no,no,no,no
ugc-net-june-2026-result,UGC NET June 2026 Result,all-india,https://www.indianexaminfo.com/sarkari-naukri/ugc-net-june-2026-result,0,0,no,no,no,no
up-anganwadi-bharti-2026-agra-division,"UP Anganwadi Recruitment 2026 Agra Division – 1,480 Posts",uttar-pradesh,https://www.indianexaminfo.com/sarkari-naukri/up-anganwadi-bharti-2026-agra-division,0,0,no,no,no,no
up-anganwadi-bharti-2026-faizabad-ayodhya-division,"UP Anganwadi 2026 Ayodhya Division – 1,680 Posts",uttar-pradesh,https://www.indianexaminfo.com/sarkari-naukri/up-anganwadi-bharti-2026-faizabad-ayodhya-division,0,0,no,no,no,no
up-anganwadi-bharti-2026-gorakhpur-division,"UP Anganwadi Recruitment 2026 Gorakhpur Division – 2,100 Posts",uttar-pradesh,https://www.indianexaminfo.com/sarkari-naukri/up-anganwadi-bharti-2026-gorakhpur-division,0,0,no,no,no,no
up-anganwadi-bharti-2026-kanpur-division,"UP Anganwadi Recruitment 2026 Kanpur Division – 1,650 Posts",uttar-pradesh,https://www.indianexaminfo.com/sarkari-naukri/up-anganwadi-bharti-2026-kanpur-division,0,0,no,no,no,no
up-anganwadi-bharti-2026-meerut-division,"UP Anganwadi Recruitment 2026 Meerut Division – 1,920 Posts",uttar-pradesh,https://www.indianexaminfo.com/sarkari-naukri/up-anganwadi-bharti-2026-meerut-division,0,0,no,no,no,no
up-anganwadi-bharti-2026-prayagraj-division,"UP Anganwadi Recruitment 2026 Prayagraj Division – 1,750 Posts",uttar-pradesh,https://www.indianexaminfo.com/sarkari-naukri/up-anganwadi-bharti-2026-prayagraj-division,0,0,no,no,no,no
up-anganwadi-bharti-2026-varanasi-division,"UP Anganwadi 2026 Varanasi Division – 1,850 Posts",uttar-pradesh,https://www.indianexaminfo.com/sarkari-naukri/up-anganwadi-bharti-2026-varanasi-division,0,0,no,no,no,no
up-anganwadi-worker-helper-bharti-2026-lucknow,UP Anganwadi Worker & Helper Recruitment 2026 Lucknow Division,uttar-pradesh,https://www.indianexaminfo.com/sarkari-naukri/up-anganwadi-worker-helper-bharti-2026-lucknow,0,0,no,no,no,no
up-animal-husbandry-stockman-2026,"UP Animal Husbandry Stockman/Pashudhan Prahari 2026 – 2,000 Posts",uttar-pradesh,https://www.indianexaminfo.com/sarkari-naukri/up-animal-husbandry-stockman-2026,0,0,no,no,no,no
up-asha-bharti-2026-agra-division,UP ASHA Worker Recruitment 2026 Agra Division – 550 Posts,uttar-pradesh,https://www.indianexaminfo.com/sarkari-naukri/up-asha-bharti-2026-agra-division,0,0,no,no,no,no
up-asha-bharti-2026-lucknow-division,UP ASHA Worker Recruitment 2026 Lucknow Division – 680 Posts,uttar-pradesh,https://www.indianexaminfo.com/sarkari-naukri/up-asha-bharti-2026-lucknow-division,0,0,no,no,no,no
up-basic-shiksha-parishad-peon-2026,"UP Basic Shiksha Parishad Peon/Group D 2026 – 4,200 Posts",uttar-pradesh,https://www.indianexaminfo.com/sarkari-naukri/up-basic-shiksha-parishad-peon-2026,0,0,no,no,no,no
up-chc-phc-staff-nurse-2026-bareilly,UP CHC/PHC Staff Nurse Recruitment 2026 Bareilly Division – 450 Posts,uttar-pradesh,https://www.indianexaminfo.com/sarkari-naukri/up-chc-phc-staff-nurse-2026-bareilly,0,0,no,no,no,no
up-collector-office-peon-bharti-2026-lucknow,UP Collector Office Peon/Group D Recruitment 2026 Lucknow,uttar-pradesh,https://www.indianexaminfo.com/sarkari-naukri/up-collector-office-peon-bharti-2026-lucknow,0,0,no,no,no,no
up-cooperative-bank-clerk-2026,"UP District Cooperative Bank Clerk Recruitment 2026 – 1,800 Posts",uttar-pradesh,https://www.indianexaminfo.com/sarkari-naukri/up-cooperative-bank-clerk-2026,0,0,no,no,no,no
up-cooperative-society-clerk-2026,"UP Cooperative Society Clerk/Secretary Recruitment 2026 – 2,500 Posts",uttar-pradesh,https://www.indianexaminfo.com/sarkari-naukri/up-cooperative-society-clerk-2026,0,0,no,no,no,no
up-csc-vle-operator-2026,"UP Common Service Centre (CSC) VLE Recruitment 2026 – 5,000 Posts",uttar-pradesh,https://www.indianexaminfo.com/sarkari-naukri/up-csc-vle-operator-2026,0,0,no,no,no,no
up-district-collectorate-driver-2026,UP District Collectorate Driver 2026 All Districts – 450 Posts,uttar-pradesh,https://www.indianexaminfo.com/sarkari-naukri/up-district-collectorate-driver-2026,0,0,no,no,no,no
up-district-court-peon-2026-lucknow,UP District Court Peon/Group D 2026 Lucknow – 95 Posts,uttar-pradesh,https://www.indianexaminfo.com/sarkari-naukri/up-district-court-peon-2026-lucknow,0,0,no,no,no,no
up-district-court-peon-bharti-2026-allahabad,UP District Court Peon/Class IV Recruitment 2026 Prayagraj,uttar-pradesh,https://www.indianexaminfo.com/sarkari-naukri/up-district-court-peon-bharti-2026-allahabad,0,0,no,no,no,no
up-district-court-stenographer-2026-meerut,UP District Court Stenographer Recruitment 2026 Meerut – 45 Posts,uttar-pradesh,https://www.indianexaminfo.com/sarkari-naukri/up-district-court-stenographer-2026-meerut,0,0,no,no,no,no
up-district-education-office-peon-2026,"UP District Education Office Peon/Group D 2026 – 2,200 Posts",uttar-pradesh,https://www.indianexaminfo.com/sarkari-naukri/up-district-education-office-peon-2026,0,0,no,no,no,no
up-district-hospital-anm-staff-nurse-2026-agra,UP District Hospital ANM & Staff Nurse 2026 Agra – 180 Posts,uttar-pradesh,https://www.indianexaminfo.com/sarkari-naukri/up-district-hospital-anm-staff-nurse-2026-agra,0,0,no,no,no,no
up-district-hospital-lab-technician-2026,"UP District Hospital Lab Technician 2026 All Districts – 2,500 Posts",uttar-pradesh,https://www.indianexaminfo.com/sarkari-naukri/up-district-hospital-lab-technician-2026,0,0,no,no,no,no
up-electric-helper-2026-dvvnl,UP DVVNL Lineman Recruitment 2026 Agra Zone – 900 Posts,uttar-pradesh,https://www.indianexaminfo.com/sarkari-naukri/up-electric-helper-2026-dvvnl,0,0,no,no,no,no
up-electric-helper-2026-mvvnl,"UP MVVNL Lineman Recruitment 2026 Lucknow Zone – 1,100 Posts",uttar-pradesh,https://www.indianexaminfo.com/sarkari-naukri/up-electric-helper-2026-mvvnl,0,0,no,no,no,no
up-electric-helper-2026-pvvnl,"UP PVVNL Lineman/Helper Recruitment 2026 Meerut Zone – 1,200 Posts",uttar-pradesh,https://www.indianexaminfo.com/sarkari-naukri/up-electric-helper-2026-pvvnl,0,0,no,no,no,no
up-electricity-dept-lineman-2026,"UP Electricity Department Lineman/Technician 2026 – 5,000 Posts",uttar-pradesh,https://www.indianexaminfo.com/sarkari-naukri/up-electricity-dept-lineman-2026,0,0,no,no,no,no
up-gds-bharti-2026-bareilly-division,UP GDS 2026 Bareilly Postal Division – 720 Posts,uttar-pradesh,https://www.indianexaminfo.com/sarkari-naukri/up-gds-bharti-2026-bareilly-division,0,0,no,no,no,no
up-gds-bharti-2026-varanasi-circle,UP Gramin Dak Sevak 2026 Varanasi Postal Division – 850 Posts,uttar-pradesh,https://www.indianexaminfo.com/sarkari-naukri/up-gds-bharti-2026-varanasi-circle,0,0,no,no,no,no
up-govt-college-group-d-bharti-2026,"UP Government College Group D Recruitment 2026 – 1,800 Posts",uttar-pradesh,https://www.indianexaminfo.com/sarkari-naukri/up-govt-college-group-d-bharti-2026,0,0,no,no,no,no
up-govt-driver-bharti-2026-sachivalaya,UP Government Driver Recruitment 2026 Sachivalaya – 350 Posts,uttar-pradesh,https://www.indianexaminfo.com/sarkari-naukri/up-govt-driver-bharti-2026-sachivalaya,0,0,no,no,no,no
up-govt-school-cook-helper-mdm-2026,"UP Government School Cook/Helper (MDM) Recruitment 2026 – 12,000 Posts",uttar-pradesh,https://www.indianexaminfo.com/sarkari-naukri/up-govt-school-cook-helper-mdm-2026,0,0,no,no,no,no
up-gram-panchayat-rozgar-sahayak-2026-jaunpur,UP Gram Panchayat Rozgar Sahayak 2026 Jaunpur – 180 Posts,uttar-pradesh,https://www.indianexaminfo.com/sarkari-naukri/up-gram-panchayat-rozgar-sahayak-2026-jaunpur,0,0,no,no,no,no
up-gram-panchayat-vikas-adhikari-2026-azamgarh,UP Gram Panchayat Vikas Adhikari 2026 Azamgarh – 120 Posts,uttar-pradesh,https://www.indianexaminfo.com/sarkari-naukri/up-gram-panchayat-vikas-adhikari-2026-azamgarh,0,0,no,no,no,no
up-gram-panchayat-vikas-adhikari-2026-sultanpur,UP Gram Panchayat Vikas Adhikari 2026 Sultanpur – 95 Posts,uttar-pradesh,https://www.indianexaminfo.com/sarkari-naukri/up-gram-panchayat-vikas-adhikari-2026-sultanpur,0,0,no,no,no,no
up-gramin-dak-sevak-2026-gorakhpur-division,UP GDS 2026 Gorakhpur Postal Division – 920 Posts,uttar-pradesh,https://www.indianexaminfo.com/sarkari-naukri/up-gramin-dak-sevak-2026-gorakhpur-division,0,0,no,no,no,no
up-gramin-dak-sevak-bharti-2026,"UP Gramin Dak Sevak (GDS) Recruitment 2026 – 4,500 Posts",uttar-pradesh,https://www.indianexaminfo.com/sarkari-naukri/up-gramin-dak-sevak-bharti-2026,0,0,no,no,no,no
up-health-dept-ward-boy-2026-all-districts,"UP Health Department Ward Boy/Attendant 2026 All Districts – 3,500 Posts",uttar-pradesh,https://www.indianexaminfo.com/sarkari-naukri/up-health-dept-ward-boy-2026-all-districts,0,0,no,no,no,no
up-home-guard-bharti-2026-all-districts,"UP Home Guard Recruitment 2026 All Districts – 8,000 Posts",uttar-pradesh,https://www.indianexaminfo.com/sarkari-naukri/up-home-guard-bharti-2026-all-districts,0,0,no,no,no,no
up-irrigation-beldar-2026,"UP Irrigation Department Beldar/Work Charged 2026 – 2,500 Posts",uttar-pradesh,https://www.indianexaminfo.com/sarkari-naukri/up-irrigation-beldar-2026,0,0,no,no,no,no
up-jail-warder-bharti-2026-prisons-dept,"UP Jail Warder/Bandi Rakshak Recruitment 2026 – 3,500 Posts",all-india,https://www.indianexaminfo.com/sarkari-naukri/up-jail-warder-bharti-2026-prisons-dept,0,0,no,no,no,no
up-jal-nigam-fitter-plumber-2026,"UP Jal Nigam Fitter/Plumber Recruitment 2026 – 1,200 Posts",uttar-pradesh,https://www.indianexaminfo.com/sarkari-naukri/up-jal-nigam-fitter-plumber-2026,0,0,no,no,no,no
up-krishi-vibhag-gram-pravidhik-2026,"UP Krishi Vibhag Gram Pravidhik (Agriculture Assistant) 2026 – 2,800 Posts",all-india,https://www.indianexaminfo.com/sarkari-naukri/up-krishi-vibhag-gram-pravidhik-2026,0,0,no,no,no,no
up-lekhpal-2026-result,UP Lekhpal 2026 Written Exam Result,all-india,https://www.indianexaminfo.com/sarkari-naukri/up-lekhpal-2026-result,0,0,no,no,no,no
up-medical-college-group-d-2026,"UP Medical College Group D (Peon/Ward Boy/Sweeper) 2026 – 2,500 Posts",uttar-pradesh,https://www.indianexaminfo.com/sarkari-naukri/up-medical-college-group-d-2026,0,0,no,no,no,no
up-nagar-nigam-driver-2026-lucknow-agra,UP Nagar Nigam Driver Recruitment 2026 Lucknow & Agra – 280 Posts,uttar-pradesh,https://www.indianexaminfo.com/sarkari-naukri/up-nagar-nigam-driver-2026-lucknow-agra,0,0,no,no,no,no
up-nagar-nigam-safai-karmi-2026-agra,UP Nagar Nigam Safai Karmi 2026 Agra – 650 Posts,uttar-pradesh,https://www.indianexaminfo.com/sarkari-naukri/up-nagar-nigam-safai-karmi-2026-agra,0,0,no,no,no,no
up-nagar-nigam-safai-karmi-2026-gorakhpur,UP Nagar Nigam Safai Karmi 2026 Gorakhpur – 480 Posts,uttar-pradesh,https://www.indianexaminfo.com/sarkari-naukri/up-nagar-nigam-safai-karmi-2026-gorakhpur,0,0,no,no,no,no
up-nagar-nigam-safai-karmi-2026-prayagraj,UP Nagar Nigam Safai Karmi 2026 Prayagraj – 720 Posts,uttar-pradesh,https://www.indianexaminfo.com/sarkari-naukri/up-nagar-nigam-safai-karmi-2026-prayagraj,0,0,no,no,no,no
up-nagar-nigam-safai-karmi-2026-varanasi,UP Nagar Nigam Safai Karmi 2026 Varanasi – 800 Posts,uttar-pradesh,https://www.indianexaminfo.com/sarkari-naukri/up-nagar-nigam-safai-karmi-2026-varanasi,0,0,no,no,no,no
up-nagar-nigam-sweeper-driver-2026-meerut,UP Nagar Nigam Sweeper/Driver 2026 Meerut – 480 Posts,uttar-pradesh,https://www.indianexaminfo.com/sarkari-naukri/up-nagar-nigam-sweeper-driver-2026-meerut,0,0,no,no,no,no
up-nagar-palika-clerk-peon-2026-moradabad,UP Nagar Palika Parishad Clerk/Peon 2026 Moradabad – 120 Posts,uttar-pradesh,https://www.indianexaminfo.com/sarkari-naukri/up-nagar-palika-clerk-peon-2026-moradabad,0,0,no,no,no,no
up-nagar-panchayat-safai-inspector-2026,UP Nagar Panchayat Safai Inspector 2026 – 800 Posts,uttar-pradesh,https://www.indianexaminfo.com/sarkari-naukri/up-nagar-panchayat-safai-inspector-2026,0,0,no,no,no,no
up-nagar-panchayat-tax-collector-2026,"UP Nagar Panchayat Tax Collector/Revenue Inspector 2026 – 1,500 Posts",uttar-pradesh,https://www.indianexaminfo.com/sarkari-naukri/up-nagar-panchayat-tax-collector-2026,0,0,no,no,no,no
up-nhm-community-health-officer-2026,"UP NHM Community Health Officer (CHO) Recruitment 2026 – 5,000 Posts",uttar-pradesh,https://www.indianexaminfo.com/sarkari-naukri/up-nhm-community-health-officer-2026,0,0,no,no,no,no
up-nyayalaya-process-server-2026,"UP District Court Process Server (Taameel Karmi) 2026 – 1,100 Posts",uttar-pradesh,https://www.indianexaminfo.com/sarkari-naukri/up-nyayalaya-process-server-2026,0,0,no,no,no,no
up-pashu-chikitsa-sahayak-2026,"UP Pashu Chikitsa Sahayak (Veterinary Assistant) 2026 – 1,500 Posts",uttar-pradesh,https://www.indianexaminfo.com/sarkari-naukri/up-pashu-chikitsa-sahayak-2026,0,0,no,no,no,no
up-police-driver-constable-2026,"UP Police Driver Constable Recruitment 2026 – 1,200 Posts",uttar-pradesh,https://www.indianexaminfo.com/sarkari-naukri/up-police-driver-constable-2026,0,0,no,no,no,no
up-primary-school-sahayak-clerk-2026,"UP Primary School Sahayak (Office Clerk) Recruitment 2026 – 3,200 Posts",uttar-pradesh,https://www.indianexaminfo.com/sarkari-naukri/up-primary-school-sahayak-clerk-2026,0,0,no,no,no,no
up-pwd-road-roller-operator-2026,UP PWD Road Roller Operator/Heavy Equipment Operator 2026 – 800 Posts,uttar-pradesh,https://www.indianexaminfo.com/sarkari-naukri/up-pwd-road-roller-operator-2026,0,0,no,no,no,no
up-ration-dealer-salesman-2026,"UP Ration Dealer/Fair Price Shop Salesman 2026 – 5,000 Posts",uttar-pradesh,https://www.indianexaminfo.com/sarkari-naukri/up-ration-dealer-salesman-2026,0,0,no,no,no,no
up-revenue-kanungo-2026,UP Revenue Kanungo Recruitment 2026 – 900 Posts,uttar-pradesh,https://www.indianexaminfo.com/sarkari-naukri/up-revenue-kanungo-2026,0,0,no,no,no,no
up-roadways-driver-conductor-2026,"UP Roadways Driver/Conductor Recruitment 2026 – 3,200 Posts",uttar-pradesh,https://www.indianexaminfo.com/sarkari-naukri/up-roadways-driver-conductor-2026,0,0,no,no,no,no
up-sahkari-gram-vikas-bank-clerk-2026,"UP Sahkari Gram Vikas Bank Clerk 2026 – 1,200 Posts",uttar-pradesh,https://www.indianexaminfo.com/sarkari-naukri/up-sahkari-gram-vikas-bank-clerk-2026,0,0,no,no,no,no
up-samaj-kalyan-vibhag-peon-2026,UP Samaj Kalyan Vibhag Peon/Attendant 2026 – 800 Posts,uttar-pradesh,https://www.indianexaminfo.com/sarkari-naukri/up-samaj-kalyan-vibhag-peon-2026,0,0,no,no,no,no
up-shiksha-mitra-samayojan-2026,"UP Shiksha Mitra Samayojan (Adjustment) 2026 – 3,500 Posts",uttar-pradesh,https://www.indianexaminfo.com/sarkari-naukri/up-shiksha-mitra-samayojan-2026,0,0,no,no,no,no
up-sichai-vibhag-tubewell-operator-2026,"UP Sinchai Vibhag Tubewell Operator Recruitment 2026 – 1,500 Posts",all-india,https://www.indianexaminfo.com/sarkari-naukri/up-sichai-vibhag-tubewell-operator-2026,0,0,no,no,no,no
up-swachh-bharat-mission-coordinator-2026,UP Swachh Bharat Mission Block Coordinator 2026 – 800 Posts,uttar-pradesh,https://www.indianexaminfo.com/sarkari-naukri/up-swachh-bharat-mission-coordinator-2026,0,0,no,no,no,no
up-swasthya-vibhag-dresser-2026,"UP Health Department Dresser/OT Technician 2026 – 1,800 Posts",uttar-pradesh,https://www.indianexaminfo.com/sarkari-naukri/up-swasthya-vibhag-dresser-2026,0,0,no,no,no,no
up-zila-panchayat-data-entry-operator-2026,"UP Zila Panchayat DEO/Computer Operator Recruitment 2026 – 2,200 Posts",uttar-pradesh,https://www.indianexaminfo.com/sarkari-naukri/up-zila-panchayat-data-entry-operator-2026,0,0,no,no,no,no
uppsc-pcs-2026-prelims-result,UPPSC PCS 2026 Prelims Result,uttar-pradesh,https://www.indianexaminfo.com/sarkari-naukri/uppsc-pcs-2026-prelims-result,0,0,no,no,no,no
upsc-capf-ac-2026-result,UPSC CAPF AC Written Exam Result 2026,all-india,https://www.indianexaminfo.com/sarkari-naukri/upsc-capf-ac-2026-result,0,0,no,no,no,no
upsc-cds-1-2026-result,UPSC CDS (I) 2026 Written Exam Result,all-india,https://www.indianexaminfo.com/sarkari-naukri/upsc-cds-1-2026-result,0,0,no,no,no,no
upsc-cms-2026-result,UPSC Combined Medical Services Result 2026,all-india,https://www.indianexaminfo.com/sarkari-naukri/upsc-cms-2026-result,0,0,no,no,no,no
upsc-cse-2026-prelims-result,UPSC Civil Services Prelims Result 2026,all-india,https://www.indianexaminfo.com/sarkari-naukri/upsc-cse-2026-prelims-result,0,0,no,no,no,no
upsc-ese-2026-prelims-result,UPSC Engineering Services Prelims Result 2026,all-india,https://www.indianexaminfo.com/sarkari-naukri/upsc-ese-2026-prelims-result,0,0,no,no,no,no
upsc-nda-1-2026-result,UPSC NDA (I) 2026 Written Exam Result,all-india,https://www.indianexaminfo.com/sarkari-naukri/upsc-nda-1-2026-result,0,0,no,no,no,no
uttarakhand-anganwadi-bharti-2026-dehradun,Uttarakhand Anganwadi Recruitment 2026 Dehradun District – 380 Posts,uttarakhand,https://www.indianexaminfo.com/sarkari-naukri/uttarakhand-anganwadi-bharti-2026-dehradun,0,0,no,no,no,no
uttarakhand-district-court-peon-2026-dehradun,Uttarakhand District Court Peon 2026 Dehradun – 55 Posts,uttarakhand,https://www.indianexaminfo.com/sarkari-naukri/uttarakhand-district-court-peon-2026-dehradun,0,0,no,no,no,no
uttarakhand-forest-guard-2026,Uttarakhand Forest Guard (Van Daroga) 2026 – 500 Posts,all-india,https://www.indianexaminfo.com/sarkari-naukri/uttarakhand-forest-guard-2026,0,0,no,no,no,no
uttarakhand-nagar-palika-sweeper-2026-dehradun,Uttarakhand Nagar Palika Sweeper 2026 Dehradun – 250 Posts,uttarakhand,https://www.indianexaminfo.com/sarkari-naukri/uttarakhand-nagar-palika-sweeper-2026-dehradun,0,0,no,no,no,no
uttarakhand-patwari-lekhpal-bharti-2026,Uttarakhand Patwari (Lekhpal) Recruitment 2026 – 800 Posts,all-india,https://www.indianexaminfo.com/sarkari-naukri/uttarakhand-patwari-lekhpal-bharti-2026,0,0,no,no,no,no
wbpsc-wbcs-2026-prelims-result,WBPSC WBCS 2026 Prelims Result,bihar,https://www.indianexaminfo.com/sarkari-naukri/wbpsc-wbcs-2026-prelims-result,0,0,no,no,no,no
west-bengal-anganwadi-2026-murshidabad,West Bengal Anganwadi 2026 Murshidabad District – 580 Posts,west-bengal,https://www.indianexaminfo.com/sarkari-naukri/west-bengal-anganwadi-2026-murshidabad,0,0,no,no,no,no
west-bengal-anganwadi-2026-north-24-parganas,West Bengal Anganwadi 2026 North 24 Parganas – 650 Posts,west-bengal,https://www.indianexaminfo.com/sarkari-naukri/west-bengal-anganwadi-2026-north-24-parganas,0,0,no,no,no,no
west-bengal-anganwadi-2026-south-24-parganas,West Bengal Anganwadi 2026 South 24 Parganas – 720 Posts,west-bengal,https://www.indianexaminfo.com/sarkari-naukri/west-bengal-anganwadi-2026-south-24-parganas,0,0,no,no,no,no
west-bengal-asha-karmabandhu-2026-kolkata,West Bengal ASHA (Karmabandhu) Recruitment 2026 Kolkata – 650 Posts,west-bengal,https://www.indianexaminfo.com/sarkari-naukri/west-bengal-asha-karmabandhu-2026-kolkata,0,0,no,no,no,no
west-bengal-icds-anganwadi-2026-howrah,West Bengal ICDS Anganwadi Recruitment 2026 Howrah – 380 Posts,west-bengal,https://www.indianexaminfo.com/sarkari-naukri/west-bengal-icds-anganwadi-2026-howrah,0,0,no,no,no,no
west-bengal-krishi-prayukti-sahayak-2026,"West Bengal Krishi Prayukti Sahayak (AMAS) 2026 – 1,800 Posts",west-bengal,https://www.indianexaminfo.com/sarkari-naukri/west-bengal-krishi-prayukti-sahayak-2026,0,0,no,no,no,no
west-bengal-krishi-prayukti-sahayak-2026-nadia,West Bengal Krishi Sahayak 2026 Nadia District – 180 Posts,west-bengal,https://www.indianexaminfo.com/sarkari-naukri/west-bengal-krishi-prayukti-sahayak-2026-nadia,0,0,no,no,no,no
